Landing page,Sessions,Engagement rate,Key events,Total revenue
https://vantive.io/blog/revenue-forecasting-guide,1272,0.621,14.0,0
https://vantive.io/blog/sales-pipeline-metrics,1574,0.733,17.3,0
https://vantive.io/blog/crm-data-hygiene,659,0.623,7.2,0
https://vantive.io/blog/revenue-intelligence-explained,1448,0.528,15.9,0
https://vantive.io/blog/forecast-accuracy-benchmarks,1517,0.758,16.7,0
https://vantive.io/blog/pipeline-coverage-ratio,1574,0.515,17.3,0
https://vantive.io/blog/sales-velocity-formula,963,0.488,10.6,0
https://vantive.io/blog/deal-scoring-models,1331,0.711,14.6,0
https://vantive.io/blog/revops-tech-stack,611,0.568,2.4,0
https://vantive.io/blog/churn-prediction-signals,723,0.673,8.0,0
https://vantive.io/blog/quota-attainment-analysis,763,0.768,8.4,0
https://vantive.io/blog/conversation-intelligence,646,0.643,2.5,0
https://vantive.io/blog/arr-vs-mrr,1068,0.584,11.7,0
https://vantive.io/blog/sales-capacity-planning,1545,0.753,17.0,0
https://vantive.io/blog/attribution-models-b2b,621,0.445,6.8,0
https://vantive.io/compare/clearloop-alternative,450,0.536,13.9,0
https://vantive.io/compare/pipelinehq-vs-vantive,974,0.512,30.2,0
https://vantive.io/compare/revenue-intelligence-tools,956,0.670,10.4,0
https://vantive.io/product/forecasting,870,0.566,41.8,0
https://vantive.io/product/pipeline-analytics,516,0.497,24.8,0
https://vantive.io/product/deal-intelligence,357,0.520,6.0,0
https://vantive.io/pricing,2527,0.563,214.8,0
https://vantive.io/demo,550,0.687,121.0,0
https://vantive.io/customers/northwind,251,0.768,9.0,0
https://vantive.io/customers/acme-logistics,204,0.720,7.3,0
https://vantive.io/glossary/pipeline-coverage,178,0.635,0.7,0
https://vantive.io/glossary/sales-velocity,196,0.473,0.8,0
https://vantive.io/glossary/net-revenue-retention,491,0.674,2.0,0
