Query,Page,Clicks,Impressions,CTR,Position
revenue forecasting software,https://vantive.io/product/forecasting,374,14200,2.63%,6.2
revenue forecasting tools,https://vantive.io/product/forecasting,150,9100,1.65%,8.7
best revenue intelligence software,https://vantive.io/compare/revenue-intelligence-tools,431,11800,3.65%,5.4
revenue intelligence platform,https://vantive.io/compare/revenue-intelligence-tools,166,8300,2.00%,7.9
revenue intelligence,https://vantive.io/blog/revenue-intelligence-explained,756,21000,3.60%,4.1
what is revenue intelligence,https://vantive.io/blog/revenue-intelligence-explained,721,16400,4.40%,3.2
sales pipeline metrics,https://vantive.io/blog/sales-pipeline-metrics,576,18900,3.05%,5.8
pipeline metrics to track,https://vantive.io/blog/sales-pipeline-metrics,90,7200,1.25%,9.4
revenue forecasting guide,https://vantive.io/blog/revenue-forecasting-guide,970,12600,7.70%,3.6
how to forecast revenue,https://vantive.io/blog/revenue-forecasting-guide,244,15300,1.59%,7.1
forecast accuracy benchmark,https://vantive.io/blog/forecast-accuracy-benchmarks,259,5400,4.80%,4.8
pipeline coverage ratio,https://vantive.io/blog/pipeline-coverage-ratio,190,8800,2.16%,6.9
pipeline coverage ratio,https://vantive.io/glossary/pipeline-coverage,13,3100,0.42%,11.2
what is pipeline coverage,https://vantive.io/glossary/pipeline-coverage,55,4200,1.31%,8.4
sales velocity formula,https://vantive.io/blog/sales-velocity-formula,292,9600,3.04%,5.1
sales velocity,https://vantive.io/blog/sales-velocity-formula,182,11400,1.60%,7.7
sales velocity,https://vantive.io/glossary/sales-velocity,10,2900,0.34%,13.8
deal scoring model,https://vantive.io/blog/deal-scoring-models,160,6700,2.39%,6.4
revops tech stack,https://vantive.io/blog/revops-tech-stack,489,10200,4.79%,4.4
revops tools,https://vantive.io/blog/revops-tech-stack,31,6900,0.45%,12.1
crm data hygiene,https://vantive.io/blog/crm-data-hygiene,40,4100,0.98%,9.8
churn prediction signals,https://vantive.io/blog/churn-prediction-signals,69,5300,1.30%,8.2
conversation intelligence software,https://vantive.io/blog/conversation-intelligence,68,7800,0.87%,10.6
b2b attribution models,https://vantive.io/blog/attribution-models-b2b,109,6100,1.79%,7.3
sales capacity planning,https://vantive.io/blog/sales-capacity-planning,20,4600,0.43%,11.9
quota attainment analysis,https://vantive.io/blog/quota-attainment-analysis,8,2200,0.36%,14.2
arr vs mrr,https://vantive.io/blog/arr-vs-mrr,99,8900,1.11%,9.1
clearloop alternative,https://vantive.io/compare/clearloop-alternative,190,3400,5.59%,4.9
clearloop alternatives,https://vantive.io/compare/clearloop-alternative,73,2800,2.61%,6.6
pipelinehq vs vantive,https://vantive.io/compare/pipelinehq-vs-vantive,238,1900,12.53%,2.8
pipeline analytics software,https://vantive.io/product/pipeline-analytics,84,6400,1.31%,8.9
deal intelligence software,https://vantive.io/product/deal-intelligence,42,4900,0.86%,10.2
net revenue retention,https://vantive.io/glossary/net-revenue-retention,276,12800,2.16%,6.1
vantive,https://vantive.io/,10923,18600,58.73%,1.1
vantive pricing,https://vantive.io/pricing,4117,7400,55.64%,1.3
vantive reviews,https://vantive.io/compare/revenue-intelligence-tools,450,3100,14.52%,3.4
vantive demo,https://vantive.io/demo,1414,2600,54.38%,1.2
revenue forecasting software,https://vantive.io/blog/revenue-forecasting-guide,16,4300,0.37%,12.8
best revenue intelligence software,https://vantive.io/blog/revenue-intelligence-explained,8,2900,0.28%,14.6
revenue intelligence tools,https://vantive.io/compare/revenue-intelligence-tools,182,7600,2.39%,6.8
revenue intelligence tools,https://vantive.io/blog/revops-tech-stack,7,2400,0.29%,15.3
