Page,Date,Clicks,Impressions,Position
https://vantive.io/blog/revenue-forecasting-guide,2025-10-01,82,1038,6.3
https://vantive.io/blog/revenue-forecasting-guide,2025-11-01,103,1729,7.3
https://vantive.io/blog/revenue-forecasting-guide,2025-12-01,96,1629,10.2
https://vantive.io/blog/revenue-forecasting-guide,2026-01-01,102,1585,10.9
https://vantive.io/blog/revenue-forecasting-guide,2026-02-01,98,1131,4.7
https://vantive.io/blog/revenue-forecasting-guide,2026-03-01,106,1322,8.0
https://vantive.io/blog/revenue-forecasting-guide,2026-04-01,104,1783,6.0
https://vantive.io/blog/revenue-forecasting-guide,2026-05-01,87,1637,10.6
https://vantive.io/blog/revenue-forecasting-guide,2026-06-01,90,1605,9.0
https://vantive.io/blog/revenue-forecasting-guide,2026-07-01,95,1082,12.6
https://vantive.io/blog/revenue-forecasting-guide,2026-08-01,94,1268,11.2
https://vantive.io/blog/revenue-forecasting-guide,2026-09-01,96,1515,5.8
https://vantive.io/blog/sales-pipeline-metrics,2025-10-01,95,1545,10.9
https://vantive.io/blog/sales-pipeline-metrics,2025-11-01,113,1723,8.8
https://vantive.io/blog/sales-pipeline-metrics,2025-12-01,113,1300,7.7
https://vantive.io/blog/sales-pipeline-metrics,2026-01-01,114,1764,7.6
https://vantive.io/blog/sales-pipeline-metrics,2026-02-01,129,1625,4.7
https://vantive.io/blog/sales-pipeline-metrics,2026-03-01,124,1458,11.5
https://vantive.io/blog/sales-pipeline-metrics,2026-04-01,105,1588,10.2
https://vantive.io/blog/sales-pipeline-metrics,2026-05-01,111,1475,10.0
https://vantive.io/blog/sales-pipeline-metrics,2026-06-01,112,2047,8.1
https://vantive.io/blog/sales-pipeline-metrics,2026-07-01,95,1578,4.2
https://vantive.io/blog/sales-pipeline-metrics,2026-08-01,105,1816,4.1
https://vantive.io/blog/sales-pipeline-metrics,2026-09-01,115,1645,12.8
https://vantive.io/blog/crm-data-hygiene,2025-10-01,50,837,11.5
https://vantive.io/blog/crm-data-hygiene,2025-11-01,50,644,12.6
https://vantive.io/blog/crm-data-hygiene,2025-12-01,45,561,7.5
https://vantive.io/blog/crm-data-hygiene,2026-01-01,45,689,12.5
https://vantive.io/blog/crm-data-hygiene,2026-02-01,45,753,11.6
https://vantive.io/blog/crm-data-hygiene,2026-03-01,40,479,5.4
https://vantive.io/blog/crm-data-hygiene,2026-04-01,36,481,5.8
https://vantive.io/blog/crm-data-hygiene,2026-05-01,28,418,6.1
https://vantive.io/blog/crm-data-hygiene,2026-06-01,27,492,7.5
https://vantive.io/blog/crm-data-hygiene,2026-07-01,22,407,4.9
https://vantive.io/blog/crm-data-hygiene,2026-08-01,20,313,11.2
https://vantive.io/blog/crm-data-hygiene,2026-09-01,18,301,6.1
https://vantive.io/blog/revenue-intelligence-explained,2025-10-01,85,987,8.7
https://vantive.io/blog/revenue-intelligence-explained,2025-11-01,88,1314,7.6
https://vantive.io/blog/revenue-intelligence-explained,2025-12-01,94,1267,10.6
https://vantive.io/blog/revenue-intelligence-explained,2026-01-01,116,1720,12.1
https://vantive.io/blog/revenue-intelligence-explained,2026-02-01,105,1647,5.1
https://vantive.io/blog/revenue-intelligence-explained,2026-03-01,104,1362,4.2
https://vantive.io/blog/revenue-intelligence-explained,2026-04-01,109,1302,6.3
https://vantive.io/blog/revenue-intelligence-explained,2026-05-01,101,1348,11.1
https://vantive.io/blog/revenue-intelligence-explained,2026-06-01,96,1247,12.6
https://vantive.io/blog/revenue-intelligence-explained,2026-07-01,89,1341,9.7
https://vantive.io/blog/revenue-intelligence-explained,2026-08-01,87,1474,11.7
https://vantive.io/blog/revenue-intelligence-explained,2026-09-01,109,1512,9.6
https://vantive.io/blog/forecast-accuracy-benchmarks,2025-10-01,109,1729,8.0
https://vantive.io/blog/forecast-accuracy-benchmarks,2025-11-01,138,1780,12.2
https://vantive.io/blog/forecast-accuracy-benchmarks,2025-12-01,131,1923,7.0
https://vantive.io/blog/forecast-accuracy-benchmarks,2026-01-01,142,2393,9.9
https://vantive.io/blog/forecast-accuracy-benchmarks,2026-02-01,125,1909,5.2
https://vantive.io/blog/forecast-accuracy-benchmarks,2026-03-01,131,1813,7.1
https://vantive.io/blog/forecast-accuracy-benchmarks,2026-04-01,126,1859,11.2
https://vantive.io/blog/forecast-accuracy-benchmarks,2026-05-01,116,1310,11.9
https://vantive.io/blog/forecast-accuracy-benchmarks,2026-06-01,129,2088,11.4
https://vantive.io/blog/forecast-accuracy-benchmarks,2026-07-01,126,2065,12.2
https://vantive.io/blog/forecast-accuracy-benchmarks,2026-08-01,130,2108,9.5
https://vantive.io/blog/forecast-accuracy-benchmarks,2026-09-01,137,2330,9.0
https://vantive.io/blog/pipeline-coverage-ratio,2025-10-01,95,1623,10.9
https://vantive.io/blog/pipeline-coverage-ratio,2025-11-01,94,1070,8.0
https://vantive.io/blog/pipeline-coverage-ratio,2025-12-01,88,1130,12.8
https://vantive.io/blog/pipeline-coverage-ratio,2026-01-01,91,1527,9.3
https://vantive.io/blog/pipeline-coverage-ratio,2026-02-01,80,927,11.5
https://vantive.io/blog/pipeline-coverage-ratio,2026-03-01,70,999,12.9
https://vantive.io/blog/pipeline-coverage-ratio,2026-04-01,72,1221,8.5
https://vantive.io/blog/pipeline-coverage-ratio,2026-05-01,63,809,4.6
https://vantive.io/blog/pipeline-coverage-ratio,2026-06-01,49,869,10.3
https://vantive.io/blog/pipeline-coverage-ratio,2026-07-01,50,890,5.9
https://vantive.io/blog/pipeline-coverage-ratio,2026-08-01,42,663,11.5
https://vantive.io/blog/pipeline-coverage-ratio,2026-09-01,36,583,9.5
https://vantive.io/blog/sales-velocity-formula,2025-10-01,69,1133,7.9
https://vantive.io/blog/sales-velocity-formula,2025-11-01,72,1127,8.7
https://vantive.io/blog/sales-velocity-formula,2025-12-01,70,988,4.3
https://vantive.io/blog/sales-velocity-formula,2026-01-01,62,1013,7.0
https://vantive.io/blog/sales-velocity-formula,2026-02-01,61,703,11.9
https://vantive.io/blog/sales-velocity-formula,2026-03-01,53,862,6.2
https://vantive.io/blog/sales-velocity-formula,2026-04-01,46,633,7.9
https://vantive.io/blog/sales-velocity-formula,2026-05-01,45,695,4.9
https://vantive.io/blog/sales-velocity-formula,2026-06-01,36,425,12.4
https://vantive.io/blog/sales-velocity-formula,2026-07-01,35,542,6.4
https://vantive.io/blog/sales-velocity-formula,2026-08-01,32,456,7.7
https://vantive.io/blog/sales-velocity-formula,2026-09-01,28,469,9.6
https://vantive.io/blog/deal-scoring-models,2025-10-01,81,897,5.4
https://vantive.io/blog/deal-scoring-models,2025-11-01,86,1546,12.1
https://vantive.io/blog/deal-scoring-models,2025-12-01,93,1636,8.3
https://vantive.io/blog/deal-scoring-models,2026-01-01,88,1495,7.2
https://vantive.io/blog/deal-scoring-models,2026-02-01,106,1646,6.1
https://vantive.io/blog/deal-scoring-models,2026-03-01,93,1120,12.2
https://vantive.io/blog/deal-scoring-models,2026-04-01,86,1151,9.9
https://vantive.io/blog/deal-scoring-models,2026-05-01,81,1102,10.2
https://vantive.io/blog/deal-scoring-models,2026-06-01,82,1100,11.1
https://vantive.io/blog/deal-scoring-models,2026-07-01,88,1477,10.2
https://vantive.io/blog/deal-scoring-models,2026-08-01,87,1540,5.7
https://vantive.io/blog/deal-scoring-models,2026-09-01,95,1745,8.7
https://vantive.io/blog/revops-tech-stack,2025-10-01,48,787,9.6
https://vantive.io/blog/revops-tech-stack,2025-11-01,52,753,11.8
https://vantive.io/blog/revops-tech-stack,2025-12-01,53,964,10.8
https://vantive.io/blog/revops-tech-stack,2026-01-01,54,852,8.5
https://vantive.io/blog/revops-tech-stack,2026-02-01,51,746,6.2
https://vantive.io/blog/revops-tech-stack,2026-03-01,50,941,10.2
https://vantive.io/blog/revops-tech-stack,2026-04-01,52,697,10.0
https://vantive.io/blog/revops-tech-stack,2026-05-01,48,762,6.1
https://vantive.io/blog/revops-tech-stack,2026-06-01,42,579,5.8
https://vantive.io/blog/revops-tech-stack,2026-07-01,47,860,11.7
https://vantive.io/blog/revops-tech-stack,2026-08-01,44,621,11.8
https://vantive.io/blog/revops-tech-stack,2026-09-01,50,746,7.3
https://vantive.io/blog/churn-prediction-signals,2025-10-01,50,890,12.0
https://vantive.io/blog/churn-prediction-signals,2025-11-01,48,705,11.9
https://vantive.io/blog/churn-prediction-signals,2025-12-01,53,620,5.2
https://vantive.io/blog/churn-prediction-signals,2026-01-01,52,698,6.9
https://vantive.io/blog/churn-prediction-signals,2026-02-01,52,578,5.0
https://vantive.io/blog/churn-prediction-signals,2026-03-01,51,810,4.4
https://vantive.io/blog/churn-prediction-signals,2026-04-01,52,905,4.8
https://vantive.io/blog/churn-prediction-signals,2026-05-01,50,643,8.2
https://vantive.io/blog/churn-prediction-signals,2026-06-01,48,615,12.8
https://vantive.io/blog/churn-prediction-signals,2026-07-01,45,838,8.2
https://vantive.io/blog/churn-prediction-signals,2026-08-01,43,705,8.0
https://vantive.io/blog/churn-prediction-signals,2026-09-01,47,598,11.4
https://vantive.io/blog/quota-attainment-analysis,2025-10-01,48,641,12.0
https://vantive.io/blog/quota-attainment-analysis,2025-11-01,44,714,10.9
https://vantive.io/blog/quota-attainment-analysis,2025-12-01,50,847,6.9
https://vantive.io/blog/quota-attainment-analysis,2026-01-01,42,512,6.6
https://vantive.io/blog/quota-attainment-analysis,2026-02-01,44,648,8.3
https://vantive.io/blog/quota-attainment-analysis,2026-03-01,35,579,6.8
https://vantive.io/blog/quota-attainment-analysis,2026-04-01,30,416,8.0
https://vantive.io/blog/quota-attainment-analysis,2026-05-01,27,455,5.7
https://vantive.io/blog/quota-attainment-analysis,2026-06-01,26,400,6.9
https://vantive.io/blog/quota-attainment-analysis,2026-07-01,20,280,11.7
https://vantive.io/blog/quota-attainment-analysis,2026-08-01,21,350,7.2
https://vantive.io/blog/quota-attainment-analysis,2026-09-01,18,216,4.3
https://vantive.io/blog/conversation-intelligence,2025-10-01,44,629,12.2
https://vantive.io/blog/conversation-intelligence,2025-11-01,45,653,5.5
https://vantive.io/blog/conversation-intelligence,2025-12-01,44,518,7.2
https://vantive.io/blog/conversation-intelligence,2026-01-01,53,590,5.5
https://vantive.io/blog/conversation-intelligence,2026-02-01,46,701,5.8
https://vantive.io/blog/conversation-intelligence,2026-03-01,45,565,11.1
https://vantive.io/blog/conversation-intelligence,2026-04-01,44,812,5.6
https://vantive.io/blog/conversation-intelligence,2026-05-01,41,711,4.8
https://vantive.io/blog/conversation-intelligence,2026-06-01,43,773,12.7
https://vantive.io/blog/conversation-intelligence,2026-07-01,45,601,5.9
https://vantive.io/blog/conversation-intelligence,2026-08-01,48,708,12.8
https://vantive.io/blog/conversation-intelligence,2026-09-01,42,644,8.1
https://vantive.io/blog/arr-vs-mrr,2025-10-01,63,1166,7.2
https://vantive.io/blog/arr-vs-mrr,2025-11-01,63,870,6.6
https://vantive.io/blog/arr-vs-mrr,2025-12-01,62,867,10.4
https://vantive.io/blog/arr-vs-mrr,2026-01-01,60,682,11.6
https://vantive.io/blog/arr-vs-mrr,2026-02-01,61,884,8.9
https://vantive.io/blog/arr-vs-mrr,2026-03-01,53,634,11.3
https://vantive.io/blog/arr-vs-mrr,2026-04-01,44,622,10.9
https://vantive.io/blog/arr-vs-mrr,2026-05-01,37,511,7.0
https://vantive.io/blog/arr-vs-mrr,2026-06-01,32,445,12.7
https://vantive.io/blog/arr-vs-mrr,2026-07-01,29,535,6.3
https://vantive.io/blog/arr-vs-mrr,2026-08-01,28,376,6.3
https://vantive.io/blog/arr-vs-mrr,2026-09-01,27,471,11.0
https://vantive.io/blog/sales-capacity-planning,2025-10-01,111,1956,8.2
https://vantive.io/blog/sales-capacity-planning,2025-11-01,131,2191,5.3
https://vantive.io/blog/sales-capacity-planning,2025-12-01,140,1583,9.6
https://vantive.io/blog/sales-capacity-planning,2026-01-01,138,2185,7.8
https://vantive.io/blog/sales-capacity-planning,2026-02-01,120,1425,7.4
https://vantive.io/blog/sales-capacity-planning,2026-03-01,140,1549,9.6
https://vantive.io/blog/sales-capacity-planning,2026-04-01,136,1681,9.6
https://vantive.io/blog/sales-capacity-planning,2026-05-01,108,1225,7.7
https://vantive.io/blog/sales-capacity-planning,2026-06-01,118,1636,11.7
https://vantive.io/blog/sales-capacity-planning,2026-07-01,124,1939,12.8
https://vantive.io/blog/sales-capacity-planning,2026-08-01,122,1534,9.1
https://vantive.io/blog/sales-capacity-planning,2026-09-01,136,1543,11.5
https://vantive.io/blog/attribution-models-b2b,2025-10-01,41,491,11.2
https://vantive.io/blog/attribution-models-b2b,2025-11-01,48,571,11.0
https://vantive.io/blog/attribution-models-b2b,2025-12-01,49,778,6.1
https://vantive.io/blog/attribution-models-b2b,2026-01-01,51,566,8.4
https://vantive.io/blog/attribution-models-b2b,2026-02-01,45,636,4.5
https://vantive.io/blog/attribution-models-b2b,2026-03-01,44,609,9.9
https://vantive.io/blog/attribution-models-b2b,2026-04-01,46,635,12.8
https://vantive.io/blog/attribution-models-b2b,2026-05-01,43,778,11.4
https://vantive.io/blog/attribution-models-b2b,2026-06-01,46,588,10.5
https://vantive.io/blog/attribution-models-b2b,2026-07-01,39,723,6.3
https://vantive.io/blog/attribution-models-b2b,2026-08-01,48,876,9.0
https://vantive.io/blog/attribution-models-b2b,2026-09-01,47,846,4.2
https://vantive.io/compare/clearloop-alternative,2025-10-01,30,341,9.0
https://vantive.io/compare/clearloop-alternative,2025-11-01,31,371,9.6
https://vantive.io/compare/clearloop-alternative,2025-12-01,33,576,12.4
https://vantive.io/compare/clearloop-alternative,2026-01-01,39,723,7.0
https://vantive.io/compare/clearloop-alternative,2026-02-01,36,572,12.2
https://vantive.io/compare/clearloop-alternative,2026-03-01,33,624,6.7
https://vantive.io/compare/clearloop-alternative,2026-04-01,34,479,4.3
https://vantive.io/compare/clearloop-alternative,2026-05-01,34,584,11.8
https://vantive.io/compare/clearloop-alternative,2026-06-01,35,423,7.4
https://vantive.io/compare/clearloop-alternative,2026-07-01,34,409,4.6
https://vantive.io/compare/clearloop-alternative,2026-08-01,29,504,11.8
https://vantive.io/compare/clearloop-alternative,2026-09-01,36,507,10.5
https://vantive.io/compare/pipelinehq-vs-vantive,2025-10-01,78,950,8.2
https://vantive.io/compare/pipelinehq-vs-vantive,2025-11-01,72,1293,10.1
https://vantive.io/compare/pipelinehq-vs-vantive,2025-12-01,82,1205,5.2
https://vantive.io/compare/pipelinehq-vs-vantive,2026-01-01,90,1004,11.1
https://vantive.io/compare/pipelinehq-vs-vantive,2026-02-01,77,1351,5.5
https://vantive.io/compare/pipelinehq-vs-vantive,2026-03-01,85,1246,7.9
https://vantive.io/compare/pipelinehq-vs-vantive,2026-04-01,73,1318,11.5
https://vantive.io/compare/pipelinehq-vs-vantive,2026-05-01,69,1228,6.3
https://vantive.io/compare/pipelinehq-vs-vantive,2026-06-01,73,1252,8.6
https://vantive.io/compare/pipelinehq-vs-vantive,2026-07-01,71,1247,9.3
https://vantive.io/compare/pipelinehq-vs-vantive,2026-08-01,82,934,12.3
https://vantive.io/compare/pipelinehq-vs-vantive,2026-09-01,85,1370,12.7
https://vantive.io/compare/revenue-intelligence-tools,2025-10-01,57,678,12.7
https://vantive.io/compare/revenue-intelligence-tools,2025-11-01,71,1026,6.1
https://vantive.io/compare/revenue-intelligence-tools,2025-12-01,75,973,10.0
https://vantive.io/compare/revenue-intelligence-tools,2026-01-01,76,1078,7.3
https://vantive.io/compare/revenue-intelligence-tools,2026-02-01,71,811,5.3
https://vantive.io/compare/revenue-intelligence-tools,2026-03-01,76,1420,7.0
https://vantive.io/compare/revenue-intelligence-tools,2026-04-01,67,1060,9.4
https://vantive.io/compare/revenue-intelligence-tools,2026-05-01,58,802,5.0
https://vantive.io/compare/revenue-intelligence-tools,2026-06-01,62,968,9.2
https://vantive.io/compare/revenue-intelligence-tools,2026-07-01,56,983,4.6
https://vantive.io/compare/revenue-intelligence-tools,2026-08-01,64,1165,5.6
https://vantive.io/compare/revenue-intelligence-tools,2026-09-01,71,820,11.5
https://vantive.io/product/forecasting,2025-10-01,63,1196,12.9
https://vantive.io/product/forecasting,2025-11-01,67,1085,9.7
https://vantive.io/product/forecasting,2025-12-01,74,1213,7.5
https://vantive.io/product/forecasting,2026-01-01,70,1110,11.0
https://vantive.io/product/forecasting,2026-02-01,73,1083,5.0
https://vantive.io/product/forecasting,2026-03-01,79,1370,5.1
https://vantive.io/product/forecasting,2026-04-01,70,1143,6.0
https://vantive.io/product/forecasting,2026-05-01,62,684,10.2
https://vantive.io/product/forecasting,2026-06-01,71,974,9.4
https://vantive.io/product/forecasting,2026-07-01,68,1050,12.2
https://vantive.io/product/forecasting,2026-08-01,67,915,4.6
https://vantive.io/product/forecasting,2026-09-01,75,1130,12.3
https://vantive.io/product/pipeline-analytics,2025-10-01,33,455,8.1
https://vantive.io/product/pipeline-analytics,2025-11-01,34,396,5.9
https://vantive.io/product/pipeline-analytics,2025-12-01,34,562,9.0
https://vantive.io/product/pipeline-analytics,2026-01-01,39,601,5.2
https://vantive.io/product/pipeline-analytics,2026-02-01,39,607,8.4
https://vantive.io/product/pipeline-analytics,2026-03-01,38,603,8.4
https://vantive.io/product/pipeline-analytics,2026-04-01,38,474,11.2
https://vantive.io/product/pipeline-analytics,2026-05-01,33,500,4.0
https://vantive.io/product/pipeline-analytics,2026-06-01,34,602,8.3
https://vantive.io/product/pipeline-analytics,2026-07-01,31,391,6.6
https://vantive.io/product/pipeline-analytics,2026-08-01,34,455,11.3
https://vantive.io/product/pipeline-analytics,2026-09-01,38,628,12.6
https://vantive.io/product/deal-intelligence,2025-10-01,25,397,5.2
https://vantive.io/product/deal-intelligence,2025-11-01,23,429,8.1
https://vantive.io/product/deal-intelligence,2025-12-01,28,382,5.4
https://vantive.io/product/deal-intelligence,2026-01-01,25,282,8.9
https://vantive.io/product/deal-intelligence,2026-02-01,29,414,4.3
https://vantive.io/product/deal-intelligence,2026-03-01,27,378,8.5
https://vantive.io/product/deal-intelligence,2026-04-01,24,347,9.7
https://vantive.io/product/deal-intelligence,2026-05-01,23,272,4.8
https://vantive.io/product/deal-intelligence,2026-06-01,25,417,12.2
https://vantive.io/product/deal-intelligence,2026-07-01,24,368,10.5
https://vantive.io/product/deal-intelligence,2026-08-01,22,335,7.3
https://vantive.io/product/deal-intelligence,2026-09-01,27,498,4.8
https://vantive.io/pricing,2025-10-01,165,2133,5.7
https://vantive.io/pricing,2025-11-01,186,2690,8.4
https://vantive.io/pricing,2025-12-01,176,2160,9.6
https://vantive.io/pricing,2026-01-01,204,2906,4.2
https://vantive.io/pricing,2026-02-01,193,2365,11.4
https://vantive.io/pricing,2026-03-01,178,2845,8.9
https://vantive.io/pricing,2026-04-01,190,3140,5.6
https://vantive.io/pricing,2026-05-01,177,2134,9.1
https://vantive.io/pricing,2026-06-01,153,2428,4.5
https://vantive.io/pricing,2026-07-01,164,2025,10.6
https://vantive.io/pricing,2026-08-01,175,3150,6.5
https://vantive.io/pricing,2026-09-01,170,2788,8.8
https://vantive.io/demo,2025-10-01,37,645,4.6
https://vantive.io/demo,2025-11-01,42,513,4.1
https://vantive.io/demo,2025-12-01,44,713,10.8
https://vantive.io/demo,2026-01-01,43,653,10.2
https://vantive.io/demo,2026-02-01,40,591,8.6
https://vantive.io/demo,2026-03-01,39,484,5.6
https://vantive.io/demo,2026-04-01,38,689,5.4
https://vantive.io/demo,2026-05-01,42,516,6.4
https://vantive.io/demo,2026-06-01,38,593,7.2
https://vantive.io/demo,2026-07-01,38,514,11.5
https://vantive.io/demo,2026-08-01,40,630,6.8
https://vantive.io/demo,2026-09-01,38,586,7.5
https://vantive.io/customers/northwind,2025-10-01,18,317,12.9
https://vantive.io/customers/northwind,2025-11-01,19,237,5.5
https://vantive.io/customers/northwind,2025-12-01,20,253,8.8
https://vantive.io/customers/northwind,2026-01-01,20,365,4.7
https://vantive.io/customers/northwind,2026-02-01,20,257,7.5
https://vantive.io/customers/northwind,2026-03-01,21,318,6.2
https://vantive.io/customers/northwind,2026-04-01,20,345,7.7
https://vantive.io/customers/northwind,2026-05-01,21,331,5.3
https://vantive.io/customers/northwind,2026-06-01,17,287,11.1
https://vantive.io/customers/northwind,2026-07-01,18,203,12.6
https://vantive.io/customers/northwind,2026-08-01,20,378,6.6
https://vantive.io/customers/northwind,2026-09-01,20,377,12.4
https://vantive.io/customers/acme-logistics,2025-10-01,12,215,4.5
https://vantive.io/customers/acme-logistics,2025-11-01,13,146,11.4
https://vantive.io/customers/acme-logistics,2025-12-01,13,169,9.3
https://vantive.io/customers/acme-logistics,2026-01-01,14,173,12.3
https://vantive.io/customers/acme-logistics,2026-02-01,15,278,5.6
https://vantive.io/customers/acme-logistics,2026-03-01,13,209,5.7
https://vantive.io/customers/acme-logistics,2026-04-01,14,251,8.5
https://vantive.io/customers/acme-logistics,2026-05-01,12,159,6.4
https://vantive.io/customers/acme-logistics,2026-06-01,12,220,5.6
https://vantive.io/customers/acme-logistics,2026-07-01,12,148,9.4
https://vantive.io/customers/acme-logistics,2026-08-01,13,210,5.9
https://vantive.io/customers/acme-logistics,2026-09-01,15,212,8.9
https://vantive.io/glossary/pipeline-coverage,2025-10-01,14,233,11.2
https://vantive.io/glossary/pipeline-coverage,2025-11-01,15,244,10.2
https://vantive.io/glossary/pipeline-coverage,2025-12-01,17,315,7.4
https://vantive.io/glossary/pipeline-coverage,2026-01-01,17,304,13.0
https://vantive.io/glossary/pipeline-coverage,2026-02-01,14,189,11.9
https://vantive.io/glossary/pipeline-coverage,2026-03-01,15,276,6.4
https://vantive.io/glossary/pipeline-coverage,2026-04-01,14,245,10.0
https://vantive.io/glossary/pipeline-coverage,2026-05-01,14,245,8.1
https://vantive.io/glossary/pipeline-coverage,2026-06-01,13,206,10.3
https://vantive.io/glossary/pipeline-coverage,2026-07-01,13,172,10.3
https://vantive.io/glossary/pipeline-coverage,2026-08-01,13,178,5.7
https://vantive.io/glossary/pipeline-coverage,2026-09-01,15,224,7.8
https://vantive.io/glossary/sales-velocity,2025-10-01,15,208,5.7
https://vantive.io/glossary/sales-velocity,2025-11-01,14,241,7.3
https://vantive.io/glossary/sales-velocity,2025-12-01,17,226,11.0
https://vantive.io/glossary/sales-velocity,2026-01-01,16,208,8.7
https://vantive.io/glossary/sales-velocity,2026-02-01,15,170,8.6
https://vantive.io/glossary/sales-velocity,2026-03-01,14,154,5.0
https://vantive.io/glossary/sales-velocity,2026-04-01,15,255,7.0
https://vantive.io/glossary/sales-velocity,2026-05-01,14,166,12.8
https://vantive.io/glossary/sales-velocity,2026-06-01,13,172,8.5
https://vantive.io/glossary/sales-velocity,2026-07-01,13,162,10.4
https://vantive.io/glossary/sales-velocity,2026-08-01,15,215,6.3
https://vantive.io/glossary/sales-velocity,2026-09-01,15,279,9.7
https://vantive.io/glossary/net-revenue-retention,2025-10-01,31,423,4.2
https://vantive.io/glossary/net-revenue-retention,2025-11-01,34,516,7.4
https://vantive.io/glossary/net-revenue-retention,2025-12-01,38,455,9.9
https://vantive.io/glossary/net-revenue-retention,2026-01-01,37,488,4.6
https://vantive.io/glossary/net-revenue-retention,2026-02-01,36,546,7.8
https://vantive.io/glossary/net-revenue-retention,2026-03-01,37,455,8.7
https://vantive.io/glossary/net-revenue-retention,2026-04-01,30,444,4.6
https://vantive.io/glossary/net-revenue-retention,2026-05-01,33,426,5.7
https://vantive.io/glossary/net-revenue-retention,2026-06-01,33,404,7.2
https://vantive.io/glossary/net-revenue-retention,2026-07-01,29,359,8.8
https://vantive.io/glossary/net-revenue-retention,2026-08-01,30,433,12.0
https://vantive.io/glossary/net-revenue-retention,2026-09-01,35,614,10.5
