Keyword,Search Volume,Keyword Difficulty,CPC,Keyword Intents,SERP Features,vantive.io,clearloop.com,pipelinehq.com,revsignal.io
sales forecasting best practices,3200,48,10.45,Informational,"AI Overview, People also ask",,4,7,12
revenue operations software,2600,66,43.14,Transactional,AI Overview,,3,5,9
forecast category definitions,1400,28,17.49,Informational,Featured Snippet,,2,6,
sales forecast template,8900,35,6.92,Informational,"Featured Snippet, People also ask",,5,3,11
weighted pipeline forecast,1900,41,13.43,Informational,People also ask,34.0,6,9,
revenue forecasting methods,4100,52,16.29,Informational,"AI Overview, People also ask",,3,8,14
sales forecasting accuracy,2200,45,41.46,Informational,People also ask,28.0,7,4,
bottom up revenue forecast,1250,33,41.31,Informational,,,8,12,
revenue forecast model excel,3400,30,35.88,Informational,Featured Snippet,,9,5,16
saas revenue forecasting,1800,47,43.56,Informational,AI Overview,,4,11,
pipeline review meeting agenda,1600,24,12.82,Informational,People also ask,,2,8,
sales forecast vs pipeline,1100,31,7.10,Informational,Featured Snippet,,6,3,13
deal desk process,2400,38,38.99,Informational,,,5,14,
revenue leakage,2900,43,47.94,Informational,"AI Overview, People also ask",,4,6,10
crm forecasting integration,890,55,16.29,Commercial,,,7,9,
best sales forecasting software,5200,72,40.07,Commercial,"AI Overview, People also ask",,2,4,8
enterprise revenue intelligence,720,69,44.39,Commercial,AI Overview,,6,3,
revenue intelligence vs sales intelligence,640,34,19.45,Informational,People also ask,,3,7,
