Keyword,Position,Previous position,Search Volume,Keyword Difficulty,CPC,URL,Traffic,Traffic (%),Keyword Intents,SERP Features by Keyword,Timestamp
revenue forecasting software,6,6,2400,68,7.06,https://vantive.io/product/forecasting,120,1.2,Transactional,"AI Overview, People also ask",2026-09-01
revenue forecasting tools,9,11,1600,64,5.85,https://vantive.io/product/forecasting,80,1.2,Transactional,"AI Overview, People also ask",2026-09-01
best revenue intelligence software,5,7,1900,71,37.00,https://vantive.io/compare/revenue-intelligence-tools,95,1.2,Transactional,"AI Overview, People also ask",2026-09-01
revenue intelligence platform,8,8,1300,66,12.49,https://vantive.io/compare/revenue-intelligence-tools,65,1.2,Transactional,People also ask,2026-09-01
revenue intelligence,4,5,5400,62,26.71,https://vantive.io/blog/revenue-intelligence-explained,270,1.2,Informational,"AI Overview, People also ask",2026-09-01
what is revenue intelligence,3,1,3600,41,16.90,https://vantive.io/blog/revenue-intelligence-explained,180,1.2,Informational,"Featured Snippet, People also ask",2026-09-01
sales pipeline metrics,6,5,4400,52,39.67,https://vantive.io/blog/sales-pipeline-metrics,220,1.2,Informational,"Featured Snippet, People also ask",2026-09-01
pipeline metrics to track,9,9,1100,48,11.27,https://vantive.io/blog/sales-pipeline-metrics,55,1.2,Informational,People also ask,2026-09-01
revenue forecasting guide,4,6,2900,44,6.98,https://vantive.io/blog/revenue-forecasting-guide,145,1.2,Informational,People also ask,2026-09-01
how to forecast revenue,7,8,3300,55,26.73,https://vantive.io/blog/revenue-forecasting-guide,165,1.2,Informational,"AI Overview, People also ask",2026-09-01
forecast accuracy benchmark,5,4,880,39,31.86,https://vantive.io/blog/forecast-accuracy-benchmarks,44,1.2,Informational,"Featured Snippet, People also ask",2026-09-01
pipeline coverage ratio,7,9,1700,36,38.12,https://vantive.io/blog/pipeline-coverage-ratio,85,1.2,Informational,"Featured Snippet, People also ask",2026-09-01
what is pipeline coverage,8,7,720,31,5.08,https://vantive.io/glossary/pipeline-coverage,36,1.2,Informational,"Featured Snippet, People also ask",2026-09-01
sales velocity formula,5,5,2100,34,11.20,https://vantive.io/blog/sales-velocity-formula,105,1.2,Informational,"Featured Snippet, People also ask",2026-09-01
sales velocity,8,8,3900,42,20.33,https://vantive.io/blog/sales-velocity-formula,195,1.2,Informational,People also ask,2026-09-01
deal scoring model,6,6,990,45,11.40,https://vantive.io/blog/deal-scoring-models,49,1.2,Informational,People also ask,2026-09-01
revops tech stack,4,7,1800,49,20.45,https://vantive.io/blog/revops-tech-stack,90,1.2,Informational,People also ask,2026-09-01
revops tools,12,15,2600,57,21.12,https://vantive.io/blog/revops-tech-stack,130,1.2,Transactional,"AI Overview, People also ask",2026-09-01
crm data hygiene,10,11,720,29,9.31,https://vantive.io/blog/crm-data-hygiene,36,1.2,Informational,,2026-09-01
churn prediction signals,8,8,860,47,5.31,https://vantive.io/blog/churn-prediction-signals,43,1.2,Informational,People also ask,2026-09-01
conversation intelligence software,11,9,2200,69,21.48,https://vantive.io/blog/conversation-intelligence,110,1.2,Transactional,"AI Overview, People also ask",2026-09-01
b2b attribution models,7,6,1300,53,22.59,https://vantive.io/blog/attribution-models-b2b,65,1.2,Informational,People also ask,2026-09-01
sales capacity planning,12,10,1050,44,32.96,https://vantive.io/blog/sales-capacity-planning,52,1.2,Informational,,2026-09-01
quota attainment analysis,14,15,480,33,22.10,https://vantive.io/blog/quota-attainment-analysis,24,1.2,Informational,,2026-09-01
arr vs mrr,9,11,4100,38,35.94,https://vantive.io/blog/arr-vs-mrr,205,1.2,Commercial,"Featured Snippet, People also ask",2026-09-01
clearloop alternative,5,4,590,43,15.21,https://vantive.io/compare/clearloop-alternative,29,1.2,Commercial,Sitelinks,2026-09-01
clearloop alternatives,7,6,480,45,37.79,https://vantive.io/compare/clearloop-alternative,24,1.2,Commercial,People also ask,2026-09-01
pipelinehq vs vantive,3,5,320,22,39.32,https://vantive.io/compare/pipelinehq-vs-vantive,16,1.2,Commercial,,2026-09-01
pipeline analytics software,9,7,1150,61,31.08,https://vantive.io/product/pipeline-analytics,57,1.2,Transactional,"AI Overview, People also ask",2026-09-01
deal intelligence software,10,12,830,58,32.28,https://vantive.io/product/deal-intelligence,41,1.2,Transactional,"AI Overview, People also ask",2026-09-01
net revenue retention,6,5,5900,51,10.53,https://vantive.io/glossary/net-revenue-retention,295,1.2,Informational,"Featured Snippet, People also ask",2026-09-01
vantive,1,2,4800,12,37.92,https://vantive.io/,240,1.2,Navigational,Sitelinks,2026-09-01
vantive pricing,1,3,1900,14,18.34,https://vantive.io/pricing,95,1.2,Navigational,Sitelinks,2026-09-01
vantive reviews,3,3,720,19,19.01,https://vantive.io/compare/revenue-intelligence-tools,36,1.2,Navigational,People also ask,2026-09-01
vantive demo,1,3,590,11,24.92,https://vantive.io/demo,29,1.2,Navigational,Sitelinks,2026-09-01
revenue intelligence tools,7,7,1450,65,29.65,https://vantive.io/compare/revenue-intelligence-tools,72,1.2,Transactional,"AI Overview, People also ask",2026-09-01
