URL,Bot,Hits,Date
https://vantive.io/blog/revenue-forecasting-guide,Googlebot,49,2026-04-01
https://vantive.io/blog/revenue-forecasting-guide,Bingbot,37,2026-04-01
https://vantive.io/blog/revenue-forecasting-guide,GPTBot,1,2026-04-01
https://vantive.io/blog/revenue-forecasting-guide,PerplexityBot,6,2026-04-01
https://vantive.io/blog/revenue-forecasting-guide,ClaudeBot,2,2026-04-01
https://vantive.io/blog/revenue-forecasting-guide,Google-Extended,2,2026-04-01
https://vantive.io/blog/revenue-forecasting-guide,OAI-SearchBot,13,2026-04-01
https://vantive.io/blog/sales-pipeline-metrics,Googlebot,4,2026-04-01
https://vantive.io/blog/sales-pipeline-metrics,Bingbot,44,2026-04-01
https://vantive.io/blog/sales-pipeline-metrics,GPTBot,5,2026-04-01
https://vantive.io/blog/sales-pipeline-metrics,PerplexityBot,9,2026-04-01
https://vantive.io/blog/sales-pipeline-metrics,ClaudeBot,6,2026-04-01
https://vantive.io/blog/sales-pipeline-metrics,Google-Extended,8,2026-04-01
https://vantive.io/blog/sales-pipeline-metrics,OAI-SearchBot,7,2026-04-01
https://vantive.io/blog/crm-data-hygiene,Googlebot,48,2026-04-01
https://vantive.io/blog/crm-data-hygiene,Bingbot,25,2026-04-01
https://vantive.io/blog/crm-data-hygiene,GPTBot,2,2026-04-01
https://vantive.io/blog/crm-data-hygiene,PerplexityBot,4,2026-04-01
https://vantive.io/blog/crm-data-hygiene,ClaudeBot,2,2026-04-01
https://vantive.io/blog/crm-data-hygiene,Google-Extended,13,2026-04-01
https://vantive.io/blog/crm-data-hygiene,OAI-SearchBot,12,2026-04-01
https://vantive.io/blog/revenue-intelligence-explained,Googlebot,28,2026-04-01
https://vantive.io/blog/revenue-intelligence-explained,Bingbot,55,2026-04-01
https://vantive.io/blog/revenue-intelligence-explained,GPTBot,6,2026-04-01
https://vantive.io/blog/revenue-intelligence-explained,PerplexityBot,10,2026-04-01
https://vantive.io/blog/revenue-intelligence-explained,ClaudeBot,2,2026-04-01
https://vantive.io/blog/revenue-intelligence-explained,Google-Extended,6,2026-04-01
https://vantive.io/blog/revenue-intelligence-explained,OAI-SearchBot,4,2026-04-01
https://vantive.io/blog/forecast-accuracy-benchmarks,Googlebot,32,2026-04-01
https://vantive.io/blog/forecast-accuracy-benchmarks,Bingbot,55,2026-04-01
https://vantive.io/blog/forecast-accuracy-benchmarks,GPTBot,5,2026-04-01
https://vantive.io/blog/forecast-accuracy-benchmarks,PerplexityBot,6,2026-04-01
https://vantive.io/blog/forecast-accuracy-benchmarks,ClaudeBot,6,2026-04-01
https://vantive.io/blog/forecast-accuracy-benchmarks,Google-Extended,13,2026-04-01
https://vantive.io/blog/forecast-accuracy-benchmarks,OAI-SearchBot,7,2026-04-01
https://vantive.io/blog/pipeline-coverage-ratio,Googlebot,42,2026-04-01
https://vantive.io/blog/pipeline-coverage-ratio,Bingbot,19,2026-04-01
https://vantive.io/blog/pipeline-coverage-ratio,GPTBot,6,2026-04-01
https://vantive.io/blog/pipeline-coverage-ratio,PerplexityBot,7,2026-04-01
https://vantive.io/blog/pipeline-coverage-ratio,ClaudeBot,5,2026-04-01
https://vantive.io/blog/pipeline-coverage-ratio,Google-Extended,14,2026-04-01
https://vantive.io/blog/pipeline-coverage-ratio,OAI-SearchBot,2,2026-04-01
https://vantive.io/blog/sales-velocity-formula,Googlebot,20,2026-04-01
https://vantive.io/blog/sales-velocity-formula,Bingbot,41,2026-04-01
https://vantive.io/blog/sales-velocity-formula,GPTBot,1,2026-04-01
https://vantive.io/blog/sales-velocity-formula,PerplexityBot,4,2026-04-01
https://vantive.io/blog/sales-velocity-formula,ClaudeBot,9,2026-04-01
https://vantive.io/blog/sales-velocity-formula,Google-Extended,2,2026-04-01
https://vantive.io/blog/sales-velocity-formula,OAI-SearchBot,12,2026-04-01
https://vantive.io/blog/deal-scoring-models,Googlebot,32,2026-04-01
https://vantive.io/blog/deal-scoring-models,Bingbot,16,2026-04-01
https://vantive.io/blog/deal-scoring-models,GPTBot,8,2026-04-01
https://vantive.io/blog/deal-scoring-models,PerplexityBot,1,2026-04-01
https://vantive.io/blog/deal-scoring-models,ClaudeBot,14,2026-04-01
https://vantive.io/blog/deal-scoring-models,Google-Extended,10,2026-04-01
https://vantive.io/blog/deal-scoring-models,OAI-SearchBot,9,2026-04-01
https://vantive.io/blog/revops-tech-stack,Googlebot,47,2026-04-01
https://vantive.io/blog/revops-tech-stack,Bingbot,40,2026-04-01
https://vantive.io/blog/revops-tech-stack,GPTBot,12,2026-04-01
https://vantive.io/blog/revops-tech-stack,PerplexityBot,4,2026-04-01
https://vantive.io/blog/revops-tech-stack,ClaudeBot,3,2026-04-01
https://vantive.io/blog/revops-tech-stack,Google-Extended,4,2026-04-01
https://vantive.io/blog/revops-tech-stack,OAI-SearchBot,8,2026-04-01
https://vantive.io/blog/churn-prediction-signals,Googlebot,56,2026-04-01
https://vantive.io/blog/churn-prediction-signals,Bingbot,23,2026-04-01
https://vantive.io/blog/churn-prediction-signals,GPTBot,11,2026-04-01
https://vantive.io/blog/churn-prediction-signals,PerplexityBot,11,2026-04-01
https://vantive.io/blog/churn-prediction-signals,ClaudeBot,7,2026-04-01
https://vantive.io/blog/churn-prediction-signals,Google-Extended,6,2026-04-01
https://vantive.io/blog/churn-prediction-signals,OAI-SearchBot,11,2026-04-01
https://vantive.io/blog/quota-attainment-analysis,Googlebot,45,2026-04-01
https://vantive.io/blog/quota-attainment-analysis,Bingbot,11,2026-04-01
https://vantive.io/blog/quota-attainment-analysis,GPTBot,4,2026-04-01
https://vantive.io/blog/quota-attainment-analysis,PerplexityBot,2,2026-04-01
https://vantive.io/blog/quota-attainment-analysis,ClaudeBot,1,2026-04-01
https://vantive.io/blog/quota-attainment-analysis,Google-Extended,3,2026-04-01
https://vantive.io/blog/quota-attainment-analysis,OAI-SearchBot,6,2026-04-01
https://vantive.io/blog/conversation-intelligence,Googlebot,31,2026-04-01
https://vantive.io/blog/conversation-intelligence,Bingbot,31,2026-04-01
https://vantive.io/blog/conversation-intelligence,GPTBot,1,2026-04-01
https://vantive.io/blog/conversation-intelligence,PerplexityBot,4,2026-04-01
https://vantive.io/blog/conversation-intelligence,ClaudeBot,8,2026-04-01
https://vantive.io/blog/conversation-intelligence,Google-Extended,13,2026-04-01
https://vantive.io/blog/conversation-intelligence,OAI-SearchBot,11,2026-04-01
https://vantive.io/blog/arr-vs-mrr,Googlebot,28,2026-04-01
https://vantive.io/blog/arr-vs-mrr,Bingbot,27,2026-04-01
https://vantive.io/blog/arr-vs-mrr,GPTBot,3,2026-04-01
https://vantive.io/blog/arr-vs-mrr,PerplexityBot,1,2026-04-01
https://vantive.io/blog/arr-vs-mrr,ClaudeBot,14,2026-04-01
https://vantive.io/blog/arr-vs-mrr,Google-Extended,12,2026-04-01
https://vantive.io/blog/arr-vs-mrr,OAI-SearchBot,8,2026-04-01
https://vantive.io/blog/sales-capacity-planning,Googlebot,4,2026-04-01
https://vantive.io/blog/sales-capacity-planning,Bingbot,56,2026-04-01
https://vantive.io/blog/sales-capacity-planning,GPTBot,3,2026-04-01
https://vantive.io/blog/sales-capacity-planning,PerplexityBot,7,2026-04-01
https://vantive.io/blog/sales-capacity-planning,ClaudeBot,1,2026-04-01
https://vantive.io/blog/sales-capacity-planning,Google-Extended,10,2026-04-01
https://vantive.io/blog/sales-capacity-planning,OAI-SearchBot,12,2026-04-01
https://vantive.io/blog/attribution-models-b2b,Googlebot,6,2026-04-01
https://vantive.io/blog/attribution-models-b2b,Bingbot,42,2026-04-01
https://vantive.io/blog/attribution-models-b2b,GPTBot,7,2026-04-01
https://vantive.io/blog/attribution-models-b2b,PerplexityBot,7,2026-04-01
https://vantive.io/blog/attribution-models-b2b,ClaudeBot,6,2026-04-01
https://vantive.io/blog/attribution-models-b2b,Google-Extended,11,2026-04-01
https://vantive.io/blog/attribution-models-b2b,OAI-SearchBot,3,2026-04-01
https://vantive.io/compare/clearloop-alternative,Googlebot,16,2026-04-01
https://vantive.io/compare/clearloop-alternative,Bingbot,45,2026-04-01
https://vantive.io/compare/clearloop-alternative,GPTBot,8,2026-04-01
https://vantive.io/compare/clearloop-alternative,PerplexityBot,11,2026-04-01
https://vantive.io/compare/clearloop-alternative,ClaudeBot,5,2026-04-01
https://vantive.io/compare/clearloop-alternative,Google-Extended,6,2026-04-01
https://vantive.io/compare/clearloop-alternative,OAI-SearchBot,9,2026-04-01
https://vantive.io/compare/pipelinehq-vs-vantive,Googlebot,12,2026-04-01
https://vantive.io/compare/pipelinehq-vs-vantive,Bingbot,46,2026-04-01
https://vantive.io/compare/pipelinehq-vs-vantive,GPTBot,2,2026-04-01
https://vantive.io/compare/pipelinehq-vs-vantive,PerplexityBot,3,2026-04-01
https://vantive.io/compare/pipelinehq-vs-vantive,ClaudeBot,9,2026-04-01
https://vantive.io/compare/pipelinehq-vs-vantive,Google-Extended,3,2026-04-01
https://vantive.io/compare/pipelinehq-vs-vantive,OAI-SearchBot,9,2026-04-01
https://vantive.io/compare/revenue-intelligence-tools,Googlebot,39,2026-04-01
https://vantive.io/compare/revenue-intelligence-tools,Bingbot,33,2026-04-01
https://vantive.io/compare/revenue-intelligence-tools,GPTBot,10,2026-04-01
https://vantive.io/compare/revenue-intelligence-tools,PerplexityBot,11,2026-04-01
https://vantive.io/compare/revenue-intelligence-tools,ClaudeBot,12,2026-04-01
https://vantive.io/compare/revenue-intelligence-tools,Google-Extended,1,2026-04-01
https://vantive.io/compare/revenue-intelligence-tools,OAI-SearchBot,6,2026-04-01
https://vantive.io/product/forecasting,Googlebot,55,2026-04-01
https://vantive.io/product/forecasting,Bingbot,36,2026-04-01
https://vantive.io/product/pipeline-analytics,Googlebot,52,2026-04-01
https://vantive.io/product/pipeline-analytics,Bingbot,54,2026-04-01
https://vantive.io/product/deal-intelligence,Googlebot,28,2026-04-01
https://vantive.io/product/deal-intelligence,Bingbot,8,2026-04-01
https://vantive.io/pricing,Googlebot,42,2026-04-01
https://vantive.io/pricing,Bingbot,28,2026-04-01
https://vantive.io/demo,Googlebot,20,2026-04-01
https://vantive.io/demo,Bingbot,31,2026-04-01
https://vantive.io/customers/northwind,Googlebot,58,2026-04-01
https://vantive.io/customers/northwind,Bingbot,54,2026-04-01
https://vantive.io/customers/acme-logistics,Googlebot,28,2026-04-01
https://vantive.io/customers/acme-logistics,Bingbot,18,2026-04-01
https://vantive.io/glossary/pipeline-coverage,Googlebot,51,2026-04-01
https://vantive.io/glossary/pipeline-coverage,Bingbot,36,2026-04-01
https://vantive.io/glossary/sales-velocity,Googlebot,17,2026-04-01
https://vantive.io/glossary/sales-velocity,Bingbot,9,2026-04-01
https://vantive.io/glossary/net-revenue-retention,Googlebot,39,2026-04-01
https://vantive.io/glossary/net-revenue-retention,Bingbot,51,2026-04-01
https://vantive.io/blog/revenue-forecasting-guide,Googlebot,57,2026-05-01
https://vantive.io/blog/revenue-forecasting-guide,Bingbot,60,2026-05-01
https://vantive.io/blog/revenue-forecasting-guide,GPTBot,2,2026-05-01
https://vantive.io/blog/revenue-forecasting-guide,PerplexityBot,11,2026-05-01
https://vantive.io/blog/revenue-forecasting-guide,ClaudeBot,13,2026-05-01
https://vantive.io/blog/revenue-forecasting-guide,Google-Extended,3,2026-05-01
https://vantive.io/blog/revenue-forecasting-guide,OAI-SearchBot,5,2026-05-01
https://vantive.io/blog/sales-pipeline-metrics,Googlebot,9,2026-05-01
https://vantive.io/blog/sales-pipeline-metrics,Bingbot,49,2026-05-01
https://vantive.io/blog/sales-pipeline-metrics,GPTBot,10,2026-05-01
https://vantive.io/blog/sales-pipeline-metrics,PerplexityBot,3,2026-05-01
https://vantive.io/blog/sales-pipeline-metrics,ClaudeBot,7,2026-05-01
https://vantive.io/blog/sales-pipeline-metrics,Google-Extended,10,2026-05-01
https://vantive.io/blog/sales-pipeline-metrics,OAI-SearchBot,8,2026-05-01
https://vantive.io/blog/crm-data-hygiene,Googlebot,37,2026-05-01
https://vantive.io/blog/crm-data-hygiene,Bingbot,37,2026-05-01
https://vantive.io/blog/crm-data-hygiene,GPTBot,1,2026-05-01
https://vantive.io/blog/crm-data-hygiene,PerplexityBot,3,2026-05-01
https://vantive.io/blog/crm-data-hygiene,ClaudeBot,1,2026-05-01
https://vantive.io/blog/crm-data-hygiene,Google-Extended,9,2026-05-01
https://vantive.io/blog/crm-data-hygiene,OAI-SearchBot,12,2026-05-01
https://vantive.io/blog/revenue-intelligence-explained,Googlebot,14,2026-05-01
https://vantive.io/blog/revenue-intelligence-explained,Bingbot,39,2026-05-01
https://vantive.io/blog/revenue-intelligence-explained,GPTBot,3,2026-05-01
https://vantive.io/blog/revenue-intelligence-explained,PerplexityBot,11,2026-05-01
https://vantive.io/blog/revenue-intelligence-explained,ClaudeBot,1,2026-05-01
https://vantive.io/blog/revenue-intelligence-explained,Google-Extended,3,2026-05-01
https://vantive.io/blog/revenue-intelligence-explained,OAI-SearchBot,12,2026-05-01
https://vantive.io/blog/forecast-accuracy-benchmarks,Googlebot,12,2026-05-01
https://vantive.io/blog/forecast-accuracy-benchmarks,Bingbot,38,2026-05-01
https://vantive.io/blog/forecast-accuracy-benchmarks,GPTBot,6,2026-05-01
https://vantive.io/blog/forecast-accuracy-benchmarks,PerplexityBot,10,2026-05-01
https://vantive.io/blog/forecast-accuracy-benchmarks,ClaudeBot,10,2026-05-01
https://vantive.io/blog/forecast-accuracy-benchmarks,Google-Extended,12,2026-05-01
https://vantive.io/blog/forecast-accuracy-benchmarks,OAI-SearchBot,4,2026-05-01
https://vantive.io/blog/pipeline-coverage-ratio,Googlebot,14,2026-05-01
https://vantive.io/blog/pipeline-coverage-ratio,Bingbot,60,2026-05-01
https://vantive.io/blog/pipeline-coverage-ratio,GPTBot,3,2026-05-01
https://vantive.io/blog/pipeline-coverage-ratio,PerplexityBot,11,2026-05-01
https://vantive.io/blog/pipeline-coverage-ratio,ClaudeBot,9,2026-05-01
https://vantive.io/blog/pipeline-coverage-ratio,Google-Extended,5,2026-05-01
https://vantive.io/blog/pipeline-coverage-ratio,OAI-SearchBot,9,2026-05-01
https://vantive.io/blog/sales-velocity-formula,Googlebot,58,2026-05-01
https://vantive.io/blog/sales-velocity-formula,Bingbot,45,2026-05-01
https://vantive.io/blog/sales-velocity-formula,GPTBot,1,2026-05-01
https://vantive.io/blog/sales-velocity-formula,PerplexityBot,11,2026-05-01
https://vantive.io/blog/sales-velocity-formula,ClaudeBot,10,2026-05-01
https://vantive.io/blog/sales-velocity-formula,Google-Extended,6,2026-05-01
https://vantive.io/blog/sales-velocity-formula,OAI-SearchBot,4,2026-05-01
https://vantive.io/blog/deal-scoring-models,Googlebot,14,2026-05-01
https://vantive.io/blog/deal-scoring-models,Bingbot,21,2026-05-01
https://vantive.io/blog/deal-scoring-models,GPTBot,9,2026-05-01
https://vantive.io/blog/deal-scoring-models,PerplexityBot,1,2026-05-01
https://vantive.io/blog/deal-scoring-models,ClaudeBot,5,2026-05-01
https://vantive.io/blog/deal-scoring-models,Google-Extended,4,2026-05-01
https://vantive.io/blog/deal-scoring-models,OAI-SearchBot,5,2026-05-01
https://vantive.io/blog/revops-tech-stack,Googlebot,40,2026-05-01
https://vantive.io/blog/revops-tech-stack,Bingbot,15,2026-05-01
https://vantive.io/blog/revops-tech-stack,GPTBot,8,2026-05-01
https://vantive.io/blog/revops-tech-stack,PerplexityBot,4,2026-05-01
https://vantive.io/blog/revops-tech-stack,ClaudeBot,4,2026-05-01
https://vantive.io/blog/revops-tech-stack,Google-Extended,5,2026-05-01
https://vantive.io/blog/revops-tech-stack,OAI-SearchBot,5,2026-05-01
https://vantive.io/blog/churn-prediction-signals,Googlebot,7,2026-05-01
https://vantive.io/blog/churn-prediction-signals,Bingbot,58,2026-05-01
https://vantive.io/blog/churn-prediction-signals,GPTBot,1,2026-05-01
https://vantive.io/blog/churn-prediction-signals,PerplexityBot,4,2026-05-01
https://vantive.io/blog/churn-prediction-signals,ClaudeBot,13,2026-05-01
https://vantive.io/blog/churn-prediction-signals,Google-Extended,2,2026-05-01
https://vantive.io/blog/churn-prediction-signals,OAI-SearchBot,7,2026-05-01
https://vantive.io/blog/quota-attainment-analysis,Googlebot,37,2026-05-01
https://vantive.io/blog/quota-attainment-analysis,Bingbot,19,2026-05-01
https://vantive.io/blog/quota-attainment-analysis,GPTBot,3,2026-05-01
https://vantive.io/blog/quota-attainment-analysis,PerplexityBot,14,2026-05-01
https://vantive.io/blog/quota-attainment-analysis,ClaudeBot,10,2026-05-01
https://vantive.io/blog/quota-attainment-analysis,Google-Extended,6,2026-05-01
https://vantive.io/blog/quota-attainment-analysis,OAI-SearchBot,9,2026-05-01
https://vantive.io/blog/conversation-intelligence,Googlebot,38,2026-05-01
https://vantive.io/blog/conversation-intelligence,Bingbot,32,2026-05-01
https://vantive.io/blog/conversation-intelligence,GPTBot,5,2026-05-01
https://vantive.io/blog/conversation-intelligence,PerplexityBot,12,2026-05-01
https://vantive.io/blog/conversation-intelligence,ClaudeBot,11,2026-05-01
https://vantive.io/blog/conversation-intelligence,Google-Extended,13,2026-05-01
https://vantive.io/blog/conversation-intelligence,OAI-SearchBot,5,2026-05-01
https://vantive.io/blog/arr-vs-mrr,Googlebot,60,2026-05-01
https://vantive.io/blog/arr-vs-mrr,Bingbot,58,2026-05-01
https://vantive.io/blog/arr-vs-mrr,GPTBot,1,2026-05-01
https://vantive.io/blog/arr-vs-mrr,PerplexityBot,8,2026-05-01
https://vantive.io/blog/arr-vs-mrr,ClaudeBot,2,2026-05-01
https://vantive.io/blog/arr-vs-mrr,Google-Extended,1,2026-05-01
https://vantive.io/blog/arr-vs-mrr,OAI-SearchBot,9,2026-05-01
https://vantive.io/blog/sales-capacity-planning,Googlebot,32,2026-05-01
https://vantive.io/blog/sales-capacity-planning,Bingbot,12,2026-05-01
https://vantive.io/blog/sales-capacity-planning,GPTBot,5,2026-05-01
https://vantive.io/blog/sales-capacity-planning,PerplexityBot,9,2026-05-01
https://vantive.io/blog/sales-capacity-planning,ClaudeBot,1,2026-05-01
https://vantive.io/blog/sales-capacity-planning,Google-Extended,9,2026-05-01
https://vantive.io/blog/sales-capacity-planning,OAI-SearchBot,8,2026-05-01
https://vantive.io/blog/attribution-models-b2b,Googlebot,13,2026-05-01
https://vantive.io/blog/attribution-models-b2b,Bingbot,55,2026-05-01
https://vantive.io/blog/attribution-models-b2b,GPTBot,14,2026-05-01
https://vantive.io/blog/attribution-models-b2b,PerplexityBot,5,2026-05-01
https://vantive.io/blog/attribution-models-b2b,ClaudeBot,11,2026-05-01
https://vantive.io/blog/attribution-models-b2b,Google-Extended,13,2026-05-01
https://vantive.io/blog/attribution-models-b2b,OAI-SearchBot,4,2026-05-01
https://vantive.io/compare/clearloop-alternative,Googlebot,33,2026-05-01
https://vantive.io/compare/clearloop-alternative,Bingbot,21,2026-05-01
https://vantive.io/compare/clearloop-alternative,GPTBot,4,2026-05-01
https://vantive.io/compare/clearloop-alternative,PerplexityBot,4,2026-05-01
https://vantive.io/compare/clearloop-alternative,ClaudeBot,8,2026-05-01
https://vantive.io/compare/clearloop-alternative,Google-Extended,13,2026-05-01
https://vantive.io/compare/clearloop-alternative,OAI-SearchBot,5,2026-05-01
https://vantive.io/compare/pipelinehq-vs-vantive,Googlebot,55,2026-05-01
https://vantive.io/compare/pipelinehq-vs-vantive,Bingbot,18,2026-05-01
https://vantive.io/compare/pipelinehq-vs-vantive,GPTBot,5,2026-05-01
https://vantive.io/compare/pipelinehq-vs-vantive,PerplexityBot,4,2026-05-01
https://vantive.io/compare/pipelinehq-vs-vantive,ClaudeBot,8,2026-05-01
https://vantive.io/compare/pipelinehq-vs-vantive,Google-Extended,5,2026-05-01
https://vantive.io/compare/pipelinehq-vs-vantive,OAI-SearchBot,14,2026-05-01
https://vantive.io/compare/revenue-intelligence-tools,Googlebot,22,2026-05-01
https://vantive.io/compare/revenue-intelligence-tools,Bingbot,26,2026-05-01
https://vantive.io/compare/revenue-intelligence-tools,GPTBot,9,2026-05-01
https://vantive.io/compare/revenue-intelligence-tools,PerplexityBot,10,2026-05-01
https://vantive.io/compare/revenue-intelligence-tools,ClaudeBot,13,2026-05-01
https://vantive.io/compare/revenue-intelligence-tools,Google-Extended,3,2026-05-01
https://vantive.io/compare/revenue-intelligence-tools,OAI-SearchBot,2,2026-05-01
https://vantive.io/product/forecasting,Googlebot,34,2026-05-01
https://vantive.io/product/forecasting,Bingbot,52,2026-05-01
https://vantive.io/product/pipeline-analytics,Googlebot,15,2026-05-01
https://vantive.io/product/pipeline-analytics,Bingbot,48,2026-05-01
https://vantive.io/product/deal-intelligence,Googlebot,39,2026-05-01
https://vantive.io/product/deal-intelligence,Bingbot,32,2026-05-01
https://vantive.io/pricing,Googlebot,10,2026-05-01
https://vantive.io/pricing,Bingbot,20,2026-05-01
https://vantive.io/demo,Googlebot,17,2026-05-01
https://vantive.io/demo,Bingbot,37,2026-05-01
https://vantive.io/customers/northwind,Googlebot,17,2026-05-01
https://vantive.io/customers/northwind,Bingbot,27,2026-05-01
https://vantive.io/customers/acme-logistics,Googlebot,33,2026-05-01
https://vantive.io/customers/acme-logistics,Bingbot,36,2026-05-01
https://vantive.io/glossary/pipeline-coverage,Googlebot,35,2026-05-01
https://vantive.io/glossary/pipeline-coverage,Bingbot,34,2026-05-01
https://vantive.io/glossary/sales-velocity,Googlebot,27,2026-05-01
https://vantive.io/glossary/sales-velocity,Bingbot,14,2026-05-01
https://vantive.io/glossary/net-revenue-retention,Googlebot,9,2026-05-01
https://vantive.io/glossary/net-revenue-retention,Bingbot,44,2026-05-01
https://vantive.io/blog/revenue-forecasting-guide,Googlebot,52,2026-06-01
https://vantive.io/blog/revenue-forecasting-guide,Bingbot,41,2026-06-01
https://vantive.io/blog/revenue-forecasting-guide,GPTBot,8,2026-06-01
https://vantive.io/blog/revenue-forecasting-guide,PerplexityBot,7,2026-06-01
https://vantive.io/blog/revenue-forecasting-guide,ClaudeBot,3,2026-06-01
https://vantive.io/blog/revenue-forecasting-guide,Google-Extended,7,2026-06-01
https://vantive.io/blog/revenue-forecasting-guide,OAI-SearchBot,14,2026-06-01
https://vantive.io/blog/sales-pipeline-metrics,Googlebot,22,2026-06-01
https://vantive.io/blog/sales-pipeline-metrics,Bingbot,5,2026-06-01
https://vantive.io/blog/sales-pipeline-metrics,GPTBot,3,2026-06-01
https://vantive.io/blog/sales-pipeline-metrics,PerplexityBot,8,2026-06-01
https://vantive.io/blog/sales-pipeline-metrics,ClaudeBot,5,2026-06-01
https://vantive.io/blog/sales-pipeline-metrics,Google-Extended,2,2026-06-01
https://vantive.io/blog/sales-pipeline-metrics,OAI-SearchBot,7,2026-06-01
https://vantive.io/blog/crm-data-hygiene,Googlebot,44,2026-06-01
https://vantive.io/blog/crm-data-hygiene,Bingbot,14,2026-06-01
https://vantive.io/blog/crm-data-hygiene,GPTBot,8,2026-06-01
https://vantive.io/blog/crm-data-hygiene,PerplexityBot,6,2026-06-01
https://vantive.io/blog/crm-data-hygiene,ClaudeBot,10,2026-06-01
https://vantive.io/blog/crm-data-hygiene,Google-Extended,3,2026-06-01
https://vantive.io/blog/crm-data-hygiene,OAI-SearchBot,14,2026-06-01
https://vantive.io/blog/revenue-intelligence-explained,Googlebot,51,2026-06-01
https://vantive.io/blog/revenue-intelligence-explained,Bingbot,15,2026-06-01
https://vantive.io/blog/revenue-intelligence-explained,GPTBot,14,2026-06-01
https://vantive.io/blog/revenue-intelligence-explained,PerplexityBot,8,2026-06-01
https://vantive.io/blog/revenue-intelligence-explained,ClaudeBot,14,2026-06-01
https://vantive.io/blog/revenue-intelligence-explained,Google-Extended,7,2026-06-01
https://vantive.io/blog/revenue-intelligence-explained,OAI-SearchBot,7,2026-06-01
https://vantive.io/blog/forecast-accuracy-benchmarks,Googlebot,42,2026-06-01
https://vantive.io/blog/forecast-accuracy-benchmarks,Bingbot,25,2026-06-01
https://vantive.io/blog/forecast-accuracy-benchmarks,GPTBot,5,2026-06-01
https://vantive.io/blog/forecast-accuracy-benchmarks,PerplexityBot,13,2026-06-01
https://vantive.io/blog/forecast-accuracy-benchmarks,ClaudeBot,14,2026-06-01
https://vantive.io/blog/forecast-accuracy-benchmarks,Google-Extended,4,2026-06-01
https://vantive.io/blog/forecast-accuracy-benchmarks,OAI-SearchBot,2,2026-06-01
https://vantive.io/blog/pipeline-coverage-ratio,Googlebot,59,2026-06-01
https://vantive.io/blog/pipeline-coverage-ratio,Bingbot,24,2026-06-01
https://vantive.io/blog/pipeline-coverage-ratio,GPTBot,2,2026-06-01
https://vantive.io/blog/pipeline-coverage-ratio,PerplexityBot,13,2026-06-01
https://vantive.io/blog/pipeline-coverage-ratio,ClaudeBot,3,2026-06-01
https://vantive.io/blog/pipeline-coverage-ratio,Google-Extended,1,2026-06-01
https://vantive.io/blog/pipeline-coverage-ratio,OAI-SearchBot,14,2026-06-01
https://vantive.io/blog/sales-velocity-formula,Googlebot,6,2026-06-01
https://vantive.io/blog/sales-velocity-formula,Bingbot,20,2026-06-01
https://vantive.io/blog/sales-velocity-formula,GPTBot,9,2026-06-01
https://vantive.io/blog/sales-velocity-formula,PerplexityBot,10,2026-06-01
https://vantive.io/blog/sales-velocity-formula,ClaudeBot,4,2026-06-01
https://vantive.io/blog/sales-velocity-formula,Google-Extended,13,2026-06-01
https://vantive.io/blog/sales-velocity-formula,OAI-SearchBot,14,2026-06-01
https://vantive.io/blog/deal-scoring-models,Googlebot,28,2026-06-01
https://vantive.io/blog/deal-scoring-models,Bingbot,8,2026-06-01
https://vantive.io/blog/deal-scoring-models,GPTBot,13,2026-06-01
https://vantive.io/blog/deal-scoring-models,PerplexityBot,11,2026-06-01
https://vantive.io/blog/deal-scoring-models,ClaudeBot,7,2026-06-01
https://vantive.io/blog/deal-scoring-models,Google-Extended,10,2026-06-01
https://vantive.io/blog/deal-scoring-models,OAI-SearchBot,8,2026-06-01
https://vantive.io/blog/revops-tech-stack,Googlebot,24,2026-06-01
https://vantive.io/blog/revops-tech-stack,Bingbot,5,2026-06-01
https://vantive.io/blog/revops-tech-stack,GPTBot,13,2026-06-01
https://vantive.io/blog/revops-tech-stack,PerplexityBot,3,2026-06-01
https://vantive.io/blog/revops-tech-stack,ClaudeBot,4,2026-06-01
https://vantive.io/blog/revops-tech-stack,Google-Extended,10,2026-06-01
https://vantive.io/blog/revops-tech-stack,OAI-SearchBot,6,2026-06-01
https://vantive.io/blog/churn-prediction-signals,Googlebot,25,2026-06-01
https://vantive.io/blog/churn-prediction-signals,Bingbot,51,2026-06-01
https://vantive.io/blog/churn-prediction-signals,GPTBot,3,2026-06-01
https://vantive.io/blog/churn-prediction-signals,PerplexityBot,14,2026-06-01
https://vantive.io/blog/churn-prediction-signals,ClaudeBot,7,2026-06-01
https://vantive.io/blog/churn-prediction-signals,Google-Extended,1,2026-06-01
https://vantive.io/blog/churn-prediction-signals,OAI-SearchBot,3,2026-06-01
https://vantive.io/blog/quota-attainment-analysis,Googlebot,42,2026-06-01
https://vantive.io/blog/quota-attainment-analysis,Bingbot,35,2026-06-01
https://vantive.io/blog/quota-attainment-analysis,GPTBot,8,2026-06-01
https://vantive.io/blog/quota-attainment-analysis,PerplexityBot,5,2026-06-01
https://vantive.io/blog/quota-attainment-analysis,ClaudeBot,6,2026-06-01
https://vantive.io/blog/quota-attainment-analysis,Google-Extended,12,2026-06-01
https://vantive.io/blog/quota-attainment-analysis,OAI-SearchBot,9,2026-06-01
https://vantive.io/blog/conversation-intelligence,Googlebot,8,2026-06-01
https://vantive.io/blog/conversation-intelligence,Bingbot,26,2026-06-01
https://vantive.io/blog/conversation-intelligence,GPTBot,4,2026-06-01
https://vantive.io/blog/conversation-intelligence,PerplexityBot,2,2026-06-01
https://vantive.io/blog/conversation-intelligence,ClaudeBot,5,2026-06-01
https://vantive.io/blog/conversation-intelligence,Google-Extended,1,2026-06-01
https://vantive.io/blog/conversation-intelligence,OAI-SearchBot,12,2026-06-01
https://vantive.io/blog/arr-vs-mrr,Googlebot,20,2026-06-01
https://vantive.io/blog/arr-vs-mrr,Bingbot,43,2026-06-01
https://vantive.io/blog/arr-vs-mrr,GPTBot,11,2026-06-01
https://vantive.io/blog/arr-vs-mrr,PerplexityBot,11,2026-06-01
https://vantive.io/blog/arr-vs-mrr,ClaudeBot,8,2026-06-01
https://vantive.io/blog/arr-vs-mrr,Google-Extended,11,2026-06-01
https://vantive.io/blog/arr-vs-mrr,OAI-SearchBot,9,2026-06-01
https://vantive.io/blog/sales-capacity-planning,Googlebot,13,2026-06-01
https://vantive.io/blog/sales-capacity-planning,Bingbot,32,2026-06-01
https://vantive.io/blog/sales-capacity-planning,GPTBot,4,2026-06-01
https://vantive.io/blog/sales-capacity-planning,PerplexityBot,9,2026-06-01
https://vantive.io/blog/sales-capacity-planning,ClaudeBot,5,2026-06-01
https://vantive.io/blog/sales-capacity-planning,Google-Extended,4,2026-06-01
https://vantive.io/blog/sales-capacity-planning,OAI-SearchBot,10,2026-06-01
https://vantive.io/blog/attribution-models-b2b,Googlebot,15,2026-06-01
https://vantive.io/blog/attribution-models-b2b,Bingbot,46,2026-06-01
https://vantive.io/blog/attribution-models-b2b,GPTBot,1,2026-06-01
https://vantive.io/blog/attribution-models-b2b,PerplexityBot,7,2026-06-01
https://vantive.io/blog/attribution-models-b2b,ClaudeBot,2,2026-06-01
https://vantive.io/blog/attribution-models-b2b,Google-Extended,7,2026-06-01
https://vantive.io/blog/attribution-models-b2b,OAI-SearchBot,10,2026-06-01
https://vantive.io/compare/clearloop-alternative,Googlebot,36,2026-06-01
https://vantive.io/compare/clearloop-alternative,Bingbot,26,2026-06-01
https://vantive.io/compare/clearloop-alternative,GPTBot,7,2026-06-01
https://vantive.io/compare/clearloop-alternative,PerplexityBot,9,2026-06-01
https://vantive.io/compare/clearloop-alternative,ClaudeBot,10,2026-06-01
https://vantive.io/compare/clearloop-alternative,Google-Extended,1,2026-06-01
https://vantive.io/compare/clearloop-alternative,OAI-SearchBot,8,2026-06-01
https://vantive.io/compare/pipelinehq-vs-vantive,Googlebot,40,2026-06-01
https://vantive.io/compare/pipelinehq-vs-vantive,Bingbot,56,2026-06-01
https://vantive.io/compare/pipelinehq-vs-vantive,GPTBot,11,2026-06-01
https://vantive.io/compare/pipelinehq-vs-vantive,PerplexityBot,6,2026-06-01
https://vantive.io/compare/pipelinehq-vs-vantive,ClaudeBot,8,2026-06-01
https://vantive.io/compare/pipelinehq-vs-vantive,Google-Extended,12,2026-06-01
https://vantive.io/compare/pipelinehq-vs-vantive,OAI-SearchBot,1,2026-06-01
https://vantive.io/compare/revenue-intelligence-tools,Googlebot,6,2026-06-01
https://vantive.io/compare/revenue-intelligence-tools,Bingbot,60,2026-06-01
https://vantive.io/compare/revenue-intelligence-tools,GPTBot,12,2026-06-01
https://vantive.io/compare/revenue-intelligence-tools,PerplexityBot,1,2026-06-01
https://vantive.io/compare/revenue-intelligence-tools,ClaudeBot,3,2026-06-01
https://vantive.io/compare/revenue-intelligence-tools,Google-Extended,11,2026-06-01
https://vantive.io/compare/revenue-intelligence-tools,OAI-SearchBot,9,2026-06-01
https://vantive.io/product/forecasting,Googlebot,8,2026-06-01
https://vantive.io/product/forecasting,Bingbot,50,2026-06-01
https://vantive.io/product/pipeline-analytics,Googlebot,52,2026-06-01
https://vantive.io/product/pipeline-analytics,Bingbot,23,2026-06-01
https://vantive.io/product/deal-intelligence,Googlebot,17,2026-06-01
https://vantive.io/product/deal-intelligence,Bingbot,44,2026-06-01
https://vantive.io/pricing,Googlebot,40,2026-06-01
https://vantive.io/pricing,Bingbot,25,2026-06-01
https://vantive.io/demo,Googlebot,36,2026-06-01
https://vantive.io/demo,Bingbot,23,2026-06-01
https://vantive.io/customers/northwind,Googlebot,55,2026-06-01
https://vantive.io/customers/northwind,Bingbot,39,2026-06-01
https://vantive.io/customers/acme-logistics,Googlebot,31,2026-06-01
https://vantive.io/customers/acme-logistics,Bingbot,37,2026-06-01
https://vantive.io/glossary/pipeline-coverage,Googlebot,35,2026-06-01
https://vantive.io/glossary/pipeline-coverage,Bingbot,42,2026-06-01
https://vantive.io/glossary/sales-velocity,Googlebot,21,2026-06-01
https://vantive.io/glossary/sales-velocity,Bingbot,44,2026-06-01
https://vantive.io/glossary/net-revenue-retention,Googlebot,9,2026-06-01
https://vantive.io/glossary/net-revenue-retention,Bingbot,5,2026-06-01
https://vantive.io/blog/revenue-forecasting-guide,Googlebot,22,2026-07-01
https://vantive.io/blog/revenue-forecasting-guide,Bingbot,41,2026-07-01
https://vantive.io/blog/revenue-forecasting-guide,GPTBot,6,2026-07-01
https://vantive.io/blog/revenue-forecasting-guide,PerplexityBot,10,2026-07-01
https://vantive.io/blog/revenue-forecasting-guide,ClaudeBot,14,2026-07-01
https://vantive.io/blog/revenue-forecasting-guide,Google-Extended,4,2026-07-01
https://vantive.io/blog/revenue-forecasting-guide,OAI-SearchBot,10,2026-07-01
https://vantive.io/blog/sales-pipeline-metrics,Googlebot,56,2026-07-01
https://vantive.io/blog/sales-pipeline-metrics,Bingbot,21,2026-07-01
https://vantive.io/blog/sales-pipeline-metrics,GPTBot,7,2026-07-01
https://vantive.io/blog/sales-pipeline-metrics,PerplexityBot,13,2026-07-01
https://vantive.io/blog/sales-pipeline-metrics,ClaudeBot,13,2026-07-01
https://vantive.io/blog/sales-pipeline-metrics,Google-Extended,13,2026-07-01
https://vantive.io/blog/sales-pipeline-metrics,OAI-SearchBot,2,2026-07-01
https://vantive.io/blog/crm-data-hygiene,Googlebot,46,2026-07-01
https://vantive.io/blog/crm-data-hygiene,Bingbot,39,2026-07-01
https://vantive.io/blog/crm-data-hygiene,GPTBot,13,2026-07-01
https://vantive.io/blog/crm-data-hygiene,PerplexityBot,3,2026-07-01
https://vantive.io/blog/crm-data-hygiene,ClaudeBot,11,2026-07-01
https://vantive.io/blog/crm-data-hygiene,Google-Extended,4,2026-07-01
https://vantive.io/blog/crm-data-hygiene,OAI-SearchBot,1,2026-07-01
https://vantive.io/blog/revenue-intelligence-explained,Googlebot,41,2026-07-01
https://vantive.io/blog/revenue-intelligence-explained,Bingbot,48,2026-07-01
https://vantive.io/blog/revenue-intelligence-explained,GPTBot,10,2026-07-01
https://vantive.io/blog/revenue-intelligence-explained,PerplexityBot,10,2026-07-01
https://vantive.io/blog/revenue-intelligence-explained,ClaudeBot,7,2026-07-01
https://vantive.io/blog/revenue-intelligence-explained,Google-Extended,4,2026-07-01
https://vantive.io/blog/revenue-intelligence-explained,OAI-SearchBot,5,2026-07-01
https://vantive.io/blog/forecast-accuracy-benchmarks,Googlebot,6,2026-07-01
https://vantive.io/blog/forecast-accuracy-benchmarks,Bingbot,50,2026-07-01
https://vantive.io/blog/forecast-accuracy-benchmarks,GPTBot,4,2026-07-01
https://vantive.io/blog/forecast-accuracy-benchmarks,PerplexityBot,9,2026-07-01
https://vantive.io/blog/forecast-accuracy-benchmarks,ClaudeBot,7,2026-07-01
https://vantive.io/blog/forecast-accuracy-benchmarks,Google-Extended,4,2026-07-01
https://vantive.io/blog/forecast-accuracy-benchmarks,OAI-SearchBot,7,2026-07-01
https://vantive.io/blog/pipeline-coverage-ratio,Googlebot,10,2026-07-01
https://vantive.io/blog/pipeline-coverage-ratio,Bingbot,5,2026-07-01
https://vantive.io/blog/pipeline-coverage-ratio,GPTBot,5,2026-07-01
https://vantive.io/blog/pipeline-coverage-ratio,PerplexityBot,2,2026-07-01
https://vantive.io/blog/pipeline-coverage-ratio,ClaudeBot,9,2026-07-01
https://vantive.io/blog/pipeline-coverage-ratio,Google-Extended,12,2026-07-01
https://vantive.io/blog/pipeline-coverage-ratio,OAI-SearchBot,13,2026-07-01
https://vantive.io/blog/sales-velocity-formula,Googlebot,16,2026-07-01
https://vantive.io/blog/sales-velocity-formula,Bingbot,10,2026-07-01
https://vantive.io/blog/sales-velocity-formula,GPTBot,12,2026-07-01
https://vantive.io/blog/sales-velocity-formula,PerplexityBot,5,2026-07-01
https://vantive.io/blog/sales-velocity-formula,ClaudeBot,13,2026-07-01
https://vantive.io/blog/sales-velocity-formula,Google-Extended,10,2026-07-01
https://vantive.io/blog/sales-velocity-formula,OAI-SearchBot,2,2026-07-01
https://vantive.io/blog/deal-scoring-models,Googlebot,5,2026-07-01
https://vantive.io/blog/deal-scoring-models,Bingbot,58,2026-07-01
https://vantive.io/blog/deal-scoring-models,GPTBot,5,2026-07-01
https://vantive.io/blog/deal-scoring-models,PerplexityBot,12,2026-07-01
https://vantive.io/blog/deal-scoring-models,ClaudeBot,2,2026-07-01
https://vantive.io/blog/deal-scoring-models,Google-Extended,12,2026-07-01
https://vantive.io/blog/deal-scoring-models,OAI-SearchBot,1,2026-07-01
https://vantive.io/blog/revops-tech-stack,Googlebot,29,2026-07-01
https://vantive.io/blog/revops-tech-stack,Bingbot,58,2026-07-01
https://vantive.io/blog/revops-tech-stack,GPTBot,2,2026-07-01
https://vantive.io/blog/revops-tech-stack,PerplexityBot,11,2026-07-01
https://vantive.io/blog/revops-tech-stack,ClaudeBot,8,2026-07-01
https://vantive.io/blog/revops-tech-stack,Google-Extended,1,2026-07-01
https://vantive.io/blog/revops-tech-stack,OAI-SearchBot,13,2026-07-01
https://vantive.io/blog/churn-prediction-signals,Googlebot,54,2026-07-01
https://vantive.io/blog/churn-prediction-signals,Bingbot,23,2026-07-01
https://vantive.io/blog/churn-prediction-signals,GPTBot,13,2026-07-01
https://vantive.io/blog/churn-prediction-signals,PerplexityBot,6,2026-07-01
https://vantive.io/blog/churn-prediction-signals,ClaudeBot,13,2026-07-01
https://vantive.io/blog/churn-prediction-signals,Google-Extended,2,2026-07-01
https://vantive.io/blog/churn-prediction-signals,OAI-SearchBot,5,2026-07-01
https://vantive.io/blog/quota-attainment-analysis,Googlebot,53,2026-07-01
https://vantive.io/blog/quota-attainment-analysis,Bingbot,41,2026-07-01
https://vantive.io/blog/quota-attainment-analysis,GPTBot,8,2026-07-01
https://vantive.io/blog/quota-attainment-analysis,PerplexityBot,13,2026-07-01
https://vantive.io/blog/quota-attainment-analysis,ClaudeBot,8,2026-07-01
https://vantive.io/blog/quota-attainment-analysis,Google-Extended,10,2026-07-01
https://vantive.io/blog/quota-attainment-analysis,OAI-SearchBot,12,2026-07-01
https://vantive.io/blog/conversation-intelligence,Googlebot,9,2026-07-01
https://vantive.io/blog/conversation-intelligence,Bingbot,14,2026-07-01
https://vantive.io/blog/conversation-intelligence,GPTBot,7,2026-07-01
https://vantive.io/blog/conversation-intelligence,PerplexityBot,11,2026-07-01
https://vantive.io/blog/conversation-intelligence,ClaudeBot,13,2026-07-01
https://vantive.io/blog/conversation-intelligence,Google-Extended,13,2026-07-01
https://vantive.io/blog/conversation-intelligence,OAI-SearchBot,11,2026-07-01
https://vantive.io/blog/arr-vs-mrr,Googlebot,6,2026-07-01
https://vantive.io/blog/arr-vs-mrr,Bingbot,26,2026-07-01
https://vantive.io/blog/arr-vs-mrr,GPTBot,2,2026-07-01
https://vantive.io/blog/arr-vs-mrr,PerplexityBot,10,2026-07-01
https://vantive.io/blog/arr-vs-mrr,ClaudeBot,6,2026-07-01
https://vantive.io/blog/arr-vs-mrr,Google-Extended,9,2026-07-01
https://vantive.io/blog/arr-vs-mrr,OAI-SearchBot,10,2026-07-01
https://vantive.io/blog/sales-capacity-planning,Googlebot,43,2026-07-01
https://vantive.io/blog/sales-capacity-planning,Bingbot,43,2026-07-01
https://vantive.io/blog/sales-capacity-planning,GPTBot,7,2026-07-01
https://vantive.io/blog/sales-capacity-planning,PerplexityBot,8,2026-07-01
https://vantive.io/blog/sales-capacity-planning,ClaudeBot,4,2026-07-01
https://vantive.io/blog/sales-capacity-planning,Google-Extended,1,2026-07-01
https://vantive.io/blog/sales-capacity-planning,OAI-SearchBot,11,2026-07-01
https://vantive.io/blog/attribution-models-b2b,Googlebot,16,2026-07-01
https://vantive.io/blog/attribution-models-b2b,Bingbot,14,2026-07-01
https://vantive.io/blog/attribution-models-b2b,GPTBot,13,2026-07-01
https://vantive.io/blog/attribution-models-b2b,PerplexityBot,8,2026-07-01
https://vantive.io/blog/attribution-models-b2b,ClaudeBot,9,2026-07-01
https://vantive.io/blog/attribution-models-b2b,Google-Extended,5,2026-07-01
https://vantive.io/blog/attribution-models-b2b,OAI-SearchBot,11,2026-07-01
https://vantive.io/compare/clearloop-alternative,Googlebot,49,2026-07-01
https://vantive.io/compare/clearloop-alternative,Bingbot,38,2026-07-01
https://vantive.io/compare/clearloop-alternative,GPTBot,10,2026-07-01
https://vantive.io/compare/clearloop-alternative,PerplexityBot,1,2026-07-01
https://vantive.io/compare/clearloop-alternative,ClaudeBot,4,2026-07-01
https://vantive.io/compare/clearloop-alternative,Google-Extended,3,2026-07-01
https://vantive.io/compare/clearloop-alternative,OAI-SearchBot,2,2026-07-01
https://vantive.io/compare/pipelinehq-vs-vantive,Googlebot,38,2026-07-01
https://vantive.io/compare/pipelinehq-vs-vantive,Bingbot,9,2026-07-01
https://vantive.io/compare/pipelinehq-vs-vantive,GPTBot,10,2026-07-01
https://vantive.io/compare/pipelinehq-vs-vantive,PerplexityBot,5,2026-07-01
https://vantive.io/compare/pipelinehq-vs-vantive,ClaudeBot,4,2026-07-01
https://vantive.io/compare/pipelinehq-vs-vantive,Google-Extended,7,2026-07-01
https://vantive.io/compare/pipelinehq-vs-vantive,OAI-SearchBot,6,2026-07-01
https://vantive.io/compare/revenue-intelligence-tools,Googlebot,53,2026-07-01
https://vantive.io/compare/revenue-intelligence-tools,Bingbot,53,2026-07-01
https://vantive.io/compare/revenue-intelligence-tools,GPTBot,6,2026-07-01
https://vantive.io/compare/revenue-intelligence-tools,PerplexityBot,4,2026-07-01
https://vantive.io/compare/revenue-intelligence-tools,ClaudeBot,3,2026-07-01
https://vantive.io/compare/revenue-intelligence-tools,Google-Extended,14,2026-07-01
https://vantive.io/compare/revenue-intelligence-tools,OAI-SearchBot,10,2026-07-01
https://vantive.io/product/forecasting,Googlebot,54,2026-07-01
https://vantive.io/product/forecasting,Bingbot,53,2026-07-01
https://vantive.io/product/pipeline-analytics,Googlebot,60,2026-07-01
https://vantive.io/product/pipeline-analytics,Bingbot,39,2026-07-01
https://vantive.io/product/deal-intelligence,Googlebot,34,2026-07-01
https://vantive.io/product/deal-intelligence,Bingbot,45,2026-07-01
https://vantive.io/pricing,Googlebot,13,2026-07-01
https://vantive.io/pricing,Bingbot,27,2026-07-01
https://vantive.io/demo,Googlebot,53,2026-07-01
https://vantive.io/demo,Bingbot,6,2026-07-01
https://vantive.io/customers/northwind,Googlebot,20,2026-07-01
https://vantive.io/customers/northwind,Bingbot,44,2026-07-01
https://vantive.io/customers/acme-logistics,Googlebot,20,2026-07-01
https://vantive.io/customers/acme-logistics,Bingbot,56,2026-07-01
https://vantive.io/glossary/pipeline-coverage,Googlebot,6,2026-07-01
https://vantive.io/glossary/pipeline-coverage,Bingbot,60,2026-07-01
https://vantive.io/glossary/sales-velocity,Googlebot,25,2026-07-01
https://vantive.io/glossary/sales-velocity,Bingbot,43,2026-07-01
https://vantive.io/glossary/net-revenue-retention,Googlebot,34,2026-07-01
https://vantive.io/glossary/net-revenue-retention,Bingbot,29,2026-07-01
https://vantive.io/blog/revenue-forecasting-guide,Googlebot,50,2026-08-01
https://vantive.io/blog/revenue-forecasting-guide,Bingbot,19,2026-08-01
https://vantive.io/blog/revenue-forecasting-guide,GPTBot,11,2026-08-01
https://vantive.io/blog/revenue-forecasting-guide,PerplexityBot,7,2026-08-01
https://vantive.io/blog/revenue-forecasting-guide,ClaudeBot,14,2026-08-01
https://vantive.io/blog/revenue-forecasting-guide,Google-Extended,7,2026-08-01
https://vantive.io/blog/revenue-forecasting-guide,OAI-SearchBot,1,2026-08-01
https://vantive.io/blog/sales-pipeline-metrics,Googlebot,32,2026-08-01
https://vantive.io/blog/sales-pipeline-metrics,Bingbot,28,2026-08-01
https://vantive.io/blog/sales-pipeline-metrics,GPTBot,8,2026-08-01
https://vantive.io/blog/sales-pipeline-metrics,PerplexityBot,9,2026-08-01
https://vantive.io/blog/sales-pipeline-metrics,ClaudeBot,9,2026-08-01
https://vantive.io/blog/sales-pipeline-metrics,Google-Extended,13,2026-08-01
https://vantive.io/blog/sales-pipeline-metrics,OAI-SearchBot,12,2026-08-01
https://vantive.io/blog/crm-data-hygiene,Googlebot,40,2026-08-01
https://vantive.io/blog/crm-data-hygiene,Bingbot,32,2026-08-01
https://vantive.io/blog/crm-data-hygiene,GPTBot,6,2026-08-01
https://vantive.io/blog/crm-data-hygiene,PerplexityBot,12,2026-08-01
https://vantive.io/blog/crm-data-hygiene,ClaudeBot,13,2026-08-01
https://vantive.io/blog/crm-data-hygiene,Google-Extended,5,2026-08-01
https://vantive.io/blog/crm-data-hygiene,OAI-SearchBot,4,2026-08-01
https://vantive.io/blog/revenue-intelligence-explained,Googlebot,15,2026-08-01
https://vantive.io/blog/revenue-intelligence-explained,Bingbot,46,2026-08-01
https://vantive.io/blog/revenue-intelligence-explained,GPTBot,1,2026-08-01
https://vantive.io/blog/revenue-intelligence-explained,PerplexityBot,8,2026-08-01
https://vantive.io/blog/revenue-intelligence-explained,ClaudeBot,2,2026-08-01
https://vantive.io/blog/revenue-intelligence-explained,Google-Extended,3,2026-08-01
https://vantive.io/blog/revenue-intelligence-explained,OAI-SearchBot,6,2026-08-01
https://vantive.io/blog/forecast-accuracy-benchmarks,Googlebot,38,2026-08-01
https://vantive.io/blog/forecast-accuracy-benchmarks,Bingbot,36,2026-08-01
https://vantive.io/blog/forecast-accuracy-benchmarks,GPTBot,5,2026-08-01
https://vantive.io/blog/forecast-accuracy-benchmarks,PerplexityBot,3,2026-08-01
https://vantive.io/blog/forecast-accuracy-benchmarks,ClaudeBot,1,2026-08-01
https://vantive.io/blog/forecast-accuracy-benchmarks,Google-Extended,10,2026-08-01
https://vantive.io/blog/forecast-accuracy-benchmarks,OAI-SearchBot,14,2026-08-01
https://vantive.io/blog/pipeline-coverage-ratio,Googlebot,19,2026-08-01
https://vantive.io/blog/pipeline-coverage-ratio,Bingbot,46,2026-08-01
https://vantive.io/blog/pipeline-coverage-ratio,GPTBot,12,2026-08-01
https://vantive.io/blog/pipeline-coverage-ratio,PerplexityBot,10,2026-08-01
https://vantive.io/blog/pipeline-coverage-ratio,ClaudeBot,1,2026-08-01
https://vantive.io/blog/pipeline-coverage-ratio,Google-Extended,9,2026-08-01
https://vantive.io/blog/pipeline-coverage-ratio,OAI-SearchBot,12,2026-08-01
https://vantive.io/blog/sales-velocity-formula,Googlebot,46,2026-08-01
https://vantive.io/blog/sales-velocity-formula,Bingbot,23,2026-08-01
https://vantive.io/blog/sales-velocity-formula,GPTBot,8,2026-08-01
https://vantive.io/blog/sales-velocity-formula,PerplexityBot,5,2026-08-01
https://vantive.io/blog/sales-velocity-formula,ClaudeBot,11,2026-08-01
https://vantive.io/blog/sales-velocity-formula,Google-Extended,6,2026-08-01
https://vantive.io/blog/sales-velocity-formula,OAI-SearchBot,10,2026-08-01
https://vantive.io/blog/deal-scoring-models,Googlebot,16,2026-08-01
https://vantive.io/blog/deal-scoring-models,Bingbot,4,2026-08-01
https://vantive.io/blog/deal-scoring-models,GPTBot,7,2026-08-01
https://vantive.io/blog/deal-scoring-models,PerplexityBot,13,2026-08-01
https://vantive.io/blog/deal-scoring-models,ClaudeBot,3,2026-08-01
https://vantive.io/blog/deal-scoring-models,Google-Extended,10,2026-08-01
https://vantive.io/blog/deal-scoring-models,OAI-SearchBot,14,2026-08-01
https://vantive.io/blog/revops-tech-stack,Googlebot,44,2026-08-01
https://vantive.io/blog/revops-tech-stack,Bingbot,53,2026-08-01
https://vantive.io/blog/revops-tech-stack,GPTBot,5,2026-08-01
https://vantive.io/blog/revops-tech-stack,PerplexityBot,8,2026-08-01
https://vantive.io/blog/revops-tech-stack,ClaudeBot,1,2026-08-01
https://vantive.io/blog/revops-tech-stack,Google-Extended,5,2026-08-01
https://vantive.io/blog/revops-tech-stack,OAI-SearchBot,14,2026-08-01
https://vantive.io/blog/churn-prediction-signals,Googlebot,60,2026-08-01
https://vantive.io/blog/churn-prediction-signals,Bingbot,31,2026-08-01
https://vantive.io/blog/churn-prediction-signals,GPTBot,4,2026-08-01
https://vantive.io/blog/churn-prediction-signals,PerplexityBot,9,2026-08-01
https://vantive.io/blog/churn-prediction-signals,ClaudeBot,5,2026-08-01
https://vantive.io/blog/churn-prediction-signals,Google-Extended,2,2026-08-01
https://vantive.io/blog/churn-prediction-signals,OAI-SearchBot,6,2026-08-01
https://vantive.io/blog/quota-attainment-analysis,Googlebot,30,2026-08-01
https://vantive.io/blog/quota-attainment-analysis,Bingbot,15,2026-08-01
https://vantive.io/blog/quota-attainment-analysis,GPTBot,6,2026-08-01
https://vantive.io/blog/quota-attainment-analysis,PerplexityBot,7,2026-08-01
https://vantive.io/blog/quota-attainment-analysis,ClaudeBot,6,2026-08-01
https://vantive.io/blog/quota-attainment-analysis,Google-Extended,14,2026-08-01
https://vantive.io/blog/quota-attainment-analysis,OAI-SearchBot,14,2026-08-01
https://vantive.io/blog/conversation-intelligence,Googlebot,24,2026-08-01
https://vantive.io/blog/conversation-intelligence,Bingbot,21,2026-08-01
https://vantive.io/blog/conversation-intelligence,GPTBot,1,2026-08-01
https://vantive.io/blog/conversation-intelligence,PerplexityBot,8,2026-08-01
https://vantive.io/blog/conversation-intelligence,ClaudeBot,8,2026-08-01
https://vantive.io/blog/conversation-intelligence,Google-Extended,1,2026-08-01
https://vantive.io/blog/conversation-intelligence,OAI-SearchBot,8,2026-08-01
https://vantive.io/blog/arr-vs-mrr,Googlebot,6,2026-08-01
https://vantive.io/blog/arr-vs-mrr,Bingbot,52,2026-08-01
https://vantive.io/blog/arr-vs-mrr,GPTBot,10,2026-08-01
https://vantive.io/blog/arr-vs-mrr,PerplexityBot,10,2026-08-01
https://vantive.io/blog/arr-vs-mrr,ClaudeBot,1,2026-08-01
https://vantive.io/blog/arr-vs-mrr,Google-Extended,10,2026-08-01
https://vantive.io/blog/arr-vs-mrr,OAI-SearchBot,10,2026-08-01
https://vantive.io/blog/sales-capacity-planning,Googlebot,53,2026-08-01
https://vantive.io/blog/sales-capacity-planning,Bingbot,7,2026-08-01
https://vantive.io/blog/sales-capacity-planning,GPTBot,5,2026-08-01
https://vantive.io/blog/sales-capacity-planning,PerplexityBot,4,2026-08-01
https://vantive.io/blog/sales-capacity-planning,ClaudeBot,6,2026-08-01
https://vantive.io/blog/sales-capacity-planning,Google-Extended,5,2026-08-01
https://vantive.io/blog/sales-capacity-planning,OAI-SearchBot,8,2026-08-01
https://vantive.io/blog/attribution-models-b2b,Googlebot,36,2026-08-01
https://vantive.io/blog/attribution-models-b2b,Bingbot,53,2026-08-01
https://vantive.io/blog/attribution-models-b2b,GPTBot,7,2026-08-01
https://vantive.io/blog/attribution-models-b2b,PerplexityBot,14,2026-08-01
https://vantive.io/blog/attribution-models-b2b,ClaudeBot,13,2026-08-01
https://vantive.io/blog/attribution-models-b2b,Google-Extended,10,2026-08-01
https://vantive.io/blog/attribution-models-b2b,OAI-SearchBot,14,2026-08-01
https://vantive.io/compare/clearloop-alternative,Googlebot,45,2026-08-01
https://vantive.io/compare/clearloop-alternative,Bingbot,48,2026-08-01
https://vantive.io/compare/clearloop-alternative,GPTBot,12,2026-08-01
https://vantive.io/compare/clearloop-alternative,PerplexityBot,1,2026-08-01
https://vantive.io/compare/clearloop-alternative,ClaudeBot,10,2026-08-01
https://vantive.io/compare/clearloop-alternative,Google-Extended,13,2026-08-01
https://vantive.io/compare/clearloop-alternative,OAI-SearchBot,2,2026-08-01
https://vantive.io/compare/pipelinehq-vs-vantive,Googlebot,20,2026-08-01
https://vantive.io/compare/pipelinehq-vs-vantive,Bingbot,18,2026-08-01
https://vantive.io/compare/pipelinehq-vs-vantive,GPTBot,2,2026-08-01
https://vantive.io/compare/pipelinehq-vs-vantive,PerplexityBot,12,2026-08-01
https://vantive.io/compare/pipelinehq-vs-vantive,ClaudeBot,1,2026-08-01
https://vantive.io/compare/pipelinehq-vs-vantive,Google-Extended,6,2026-08-01
https://vantive.io/compare/pipelinehq-vs-vantive,OAI-SearchBot,11,2026-08-01
https://vantive.io/compare/revenue-intelligence-tools,Googlebot,43,2026-08-01
https://vantive.io/compare/revenue-intelligence-tools,Bingbot,15,2026-08-01
https://vantive.io/compare/revenue-intelligence-tools,GPTBot,9,2026-08-01
https://vantive.io/compare/revenue-intelligence-tools,PerplexityBot,12,2026-08-01
https://vantive.io/compare/revenue-intelligence-tools,ClaudeBot,9,2026-08-01
https://vantive.io/compare/revenue-intelligence-tools,Google-Extended,2,2026-08-01
https://vantive.io/compare/revenue-intelligence-tools,OAI-SearchBot,3,2026-08-01
https://vantive.io/product/forecasting,Googlebot,29,2026-08-01
https://vantive.io/product/forecasting,Bingbot,25,2026-08-01
https://vantive.io/product/pipeline-analytics,Googlebot,4,2026-08-01
https://vantive.io/product/pipeline-analytics,Bingbot,13,2026-08-01
https://vantive.io/product/deal-intelligence,Googlebot,31,2026-08-01
https://vantive.io/product/deal-intelligence,Bingbot,10,2026-08-01
https://vantive.io/pricing,Googlebot,8,2026-08-01
https://vantive.io/pricing,Bingbot,11,2026-08-01
https://vantive.io/demo,Googlebot,59,2026-08-01
https://vantive.io/demo,Bingbot,4,2026-08-01
https://vantive.io/customers/northwind,Googlebot,41,2026-08-01
https://vantive.io/customers/northwind,Bingbot,44,2026-08-01
https://vantive.io/customers/acme-logistics,Googlebot,13,2026-08-01
https://vantive.io/customers/acme-logistics,Bingbot,16,2026-08-01
https://vantive.io/glossary/pipeline-coverage,Googlebot,4,2026-08-01
https://vantive.io/glossary/pipeline-coverage,Bingbot,20,2026-08-01
https://vantive.io/glossary/sales-velocity,Googlebot,40,2026-08-01
https://vantive.io/glossary/sales-velocity,Bingbot,56,2026-08-01
https://vantive.io/glossary/net-revenue-retention,Googlebot,42,2026-08-01
https://vantive.io/glossary/net-revenue-retention,Bingbot,40,2026-08-01
https://vantive.io/blog/revenue-forecasting-guide,Googlebot,48,2026-09-01
https://vantive.io/blog/revenue-forecasting-guide,Bingbot,29,2026-09-01
https://vantive.io/blog/revenue-forecasting-guide,GPTBot,4,2026-09-01
https://vantive.io/blog/revenue-forecasting-guide,PerplexityBot,7,2026-09-01
https://vantive.io/blog/revenue-forecasting-guide,ClaudeBot,9,2026-09-01
https://vantive.io/blog/revenue-forecasting-guide,Google-Extended,9,2026-09-01
https://vantive.io/blog/revenue-forecasting-guide,OAI-SearchBot,3,2026-09-01
https://vantive.io/blog/sales-pipeline-metrics,Googlebot,13,2026-09-01
https://vantive.io/blog/sales-pipeline-metrics,Bingbot,25,2026-09-01
https://vantive.io/blog/sales-pipeline-metrics,GPTBot,10,2026-09-01
https://vantive.io/blog/sales-pipeline-metrics,PerplexityBot,1,2026-09-01
https://vantive.io/blog/sales-pipeline-metrics,ClaudeBot,5,2026-09-01
https://vantive.io/blog/sales-pipeline-metrics,Google-Extended,1,2026-09-01
https://vantive.io/blog/sales-pipeline-metrics,OAI-SearchBot,4,2026-09-01
https://vantive.io/blog/crm-data-hygiene,Googlebot,45,2026-09-01
https://vantive.io/blog/crm-data-hygiene,Bingbot,33,2026-09-01
https://vantive.io/blog/crm-data-hygiene,GPTBot,14,2026-09-01
https://vantive.io/blog/crm-data-hygiene,PerplexityBot,11,2026-09-01
https://vantive.io/blog/crm-data-hygiene,ClaudeBot,5,2026-09-01
https://vantive.io/blog/crm-data-hygiene,Google-Extended,9,2026-09-01
https://vantive.io/blog/crm-data-hygiene,OAI-SearchBot,13,2026-09-01
https://vantive.io/blog/revenue-intelligence-explained,Googlebot,12,2026-09-01
https://vantive.io/blog/revenue-intelligence-explained,Bingbot,57,2026-09-01
https://vantive.io/blog/revenue-intelligence-explained,GPTBot,3,2026-09-01
https://vantive.io/blog/revenue-intelligence-explained,PerplexityBot,12,2026-09-01
https://vantive.io/blog/revenue-intelligence-explained,ClaudeBot,7,2026-09-01
https://vantive.io/blog/revenue-intelligence-explained,Google-Extended,2,2026-09-01
https://vantive.io/blog/revenue-intelligence-explained,OAI-SearchBot,5,2026-09-01
https://vantive.io/blog/forecast-accuracy-benchmarks,Googlebot,17,2026-09-01
https://vantive.io/blog/forecast-accuracy-benchmarks,Bingbot,13,2026-09-01
https://vantive.io/blog/forecast-accuracy-benchmarks,GPTBot,13,2026-09-01
https://vantive.io/blog/forecast-accuracy-benchmarks,PerplexityBot,8,2026-09-01
https://vantive.io/blog/forecast-accuracy-benchmarks,ClaudeBot,4,2026-09-01
https://vantive.io/blog/forecast-accuracy-benchmarks,Google-Extended,5,2026-09-01
https://vantive.io/blog/forecast-accuracy-benchmarks,OAI-SearchBot,5,2026-09-01
https://vantive.io/blog/pipeline-coverage-ratio,Googlebot,36,2026-09-01
https://vantive.io/blog/pipeline-coverage-ratio,Bingbot,19,2026-09-01
https://vantive.io/blog/pipeline-coverage-ratio,GPTBot,12,2026-09-01
https://vantive.io/blog/pipeline-coverage-ratio,PerplexityBot,4,2026-09-01
https://vantive.io/blog/pipeline-coverage-ratio,ClaudeBot,2,2026-09-01
https://vantive.io/blog/pipeline-coverage-ratio,Google-Extended,11,2026-09-01
https://vantive.io/blog/pipeline-coverage-ratio,OAI-SearchBot,9,2026-09-01
https://vantive.io/blog/sales-velocity-formula,Googlebot,22,2026-09-01
https://vantive.io/blog/sales-velocity-formula,Bingbot,37,2026-09-01
https://vantive.io/blog/sales-velocity-formula,GPTBot,11,2026-09-01
https://vantive.io/blog/sales-velocity-formula,PerplexityBot,4,2026-09-01
https://vantive.io/blog/sales-velocity-formula,ClaudeBot,12,2026-09-01
https://vantive.io/blog/sales-velocity-formula,Google-Extended,1,2026-09-01
https://vantive.io/blog/sales-velocity-formula,OAI-SearchBot,10,2026-09-01
https://vantive.io/blog/deal-scoring-models,Googlebot,7,2026-09-01
https://vantive.io/blog/deal-scoring-models,Bingbot,31,2026-09-01
https://vantive.io/blog/deal-scoring-models,GPTBot,3,2026-09-01
https://vantive.io/blog/deal-scoring-models,PerplexityBot,3,2026-09-01
https://vantive.io/blog/deal-scoring-models,ClaudeBot,13,2026-09-01
https://vantive.io/blog/deal-scoring-models,Google-Extended,6,2026-09-01
https://vantive.io/blog/deal-scoring-models,OAI-SearchBot,2,2026-09-01
https://vantive.io/blog/revops-tech-stack,Googlebot,11,2026-09-01
https://vantive.io/blog/revops-tech-stack,Bingbot,4,2026-09-01
https://vantive.io/blog/revops-tech-stack,GPTBot,9,2026-09-01
https://vantive.io/blog/revops-tech-stack,PerplexityBot,14,2026-09-01
https://vantive.io/blog/revops-tech-stack,ClaudeBot,7,2026-09-01
https://vantive.io/blog/revops-tech-stack,Google-Extended,2,2026-09-01
https://vantive.io/blog/revops-tech-stack,OAI-SearchBot,2,2026-09-01
https://vantive.io/blog/churn-prediction-signals,Googlebot,12,2026-09-01
https://vantive.io/blog/churn-prediction-signals,Bingbot,11,2026-09-01
https://vantive.io/blog/churn-prediction-signals,GPTBot,12,2026-09-01
https://vantive.io/blog/churn-prediction-signals,PerplexityBot,6,2026-09-01
https://vantive.io/blog/churn-prediction-signals,ClaudeBot,7,2026-09-01
https://vantive.io/blog/churn-prediction-signals,Google-Extended,5,2026-09-01
https://vantive.io/blog/churn-prediction-signals,OAI-SearchBot,8,2026-09-01
https://vantive.io/blog/quota-attainment-analysis,Googlebot,4,2026-09-01
https://vantive.io/blog/quota-attainment-analysis,Bingbot,48,2026-09-01
https://vantive.io/blog/quota-attainment-analysis,GPTBot,11,2026-09-01
https://vantive.io/blog/quota-attainment-analysis,PerplexityBot,8,2026-09-01
https://vantive.io/blog/quota-attainment-analysis,ClaudeBot,4,2026-09-01
https://vantive.io/blog/quota-attainment-analysis,Google-Extended,7,2026-09-01
https://vantive.io/blog/quota-attainment-analysis,OAI-SearchBot,3,2026-09-01
https://vantive.io/blog/conversation-intelligence,Googlebot,19,2026-09-01
https://vantive.io/blog/conversation-intelligence,Bingbot,59,2026-09-01
https://vantive.io/blog/conversation-intelligence,GPTBot,5,2026-09-01
https://vantive.io/blog/conversation-intelligence,PerplexityBot,14,2026-09-01
https://vantive.io/blog/conversation-intelligence,ClaudeBot,9,2026-09-01
https://vantive.io/blog/conversation-intelligence,Google-Extended,12,2026-09-01
https://vantive.io/blog/conversation-intelligence,OAI-SearchBot,1,2026-09-01
https://vantive.io/blog/arr-vs-mrr,Googlebot,26,2026-09-01
https://vantive.io/blog/arr-vs-mrr,Bingbot,22,2026-09-01
https://vantive.io/blog/arr-vs-mrr,GPTBot,3,2026-09-01
https://vantive.io/blog/arr-vs-mrr,PerplexityBot,6,2026-09-01
https://vantive.io/blog/arr-vs-mrr,ClaudeBot,4,2026-09-01
https://vantive.io/blog/arr-vs-mrr,Google-Extended,9,2026-09-01
https://vantive.io/blog/arr-vs-mrr,OAI-SearchBot,11,2026-09-01
https://vantive.io/blog/sales-capacity-planning,Googlebot,56,2026-09-01
https://vantive.io/blog/sales-capacity-planning,Bingbot,41,2026-09-01
https://vantive.io/blog/sales-capacity-planning,GPTBot,6,2026-09-01
https://vantive.io/blog/sales-capacity-planning,PerplexityBot,4,2026-09-01
https://vantive.io/blog/sales-capacity-planning,ClaudeBot,11,2026-09-01
https://vantive.io/blog/sales-capacity-planning,Google-Extended,1,2026-09-01
https://vantive.io/blog/sales-capacity-planning,OAI-SearchBot,13,2026-09-01
https://vantive.io/blog/attribution-models-b2b,Googlebot,58,2026-09-01
https://vantive.io/blog/attribution-models-b2b,Bingbot,29,2026-09-01
https://vantive.io/blog/attribution-models-b2b,GPTBot,6,2026-09-01
https://vantive.io/blog/attribution-models-b2b,PerplexityBot,2,2026-09-01
https://vantive.io/blog/attribution-models-b2b,ClaudeBot,10,2026-09-01
https://vantive.io/blog/attribution-models-b2b,Google-Extended,7,2026-09-01
https://vantive.io/blog/attribution-models-b2b,OAI-SearchBot,1,2026-09-01
https://vantive.io/compare/clearloop-alternative,Googlebot,54,2026-09-01
https://vantive.io/compare/clearloop-alternative,Bingbot,27,2026-09-01
https://vantive.io/compare/clearloop-alternative,GPTBot,5,2026-09-01
https://vantive.io/compare/clearloop-alternative,PerplexityBot,11,2026-09-01
https://vantive.io/compare/clearloop-alternative,ClaudeBot,4,2026-09-01
https://vantive.io/compare/clearloop-alternative,Google-Extended,7,2026-09-01
https://vantive.io/compare/clearloop-alternative,OAI-SearchBot,7,2026-09-01
https://vantive.io/compare/pipelinehq-vs-vantive,Googlebot,29,2026-09-01
https://vantive.io/compare/pipelinehq-vs-vantive,Bingbot,59,2026-09-01
https://vantive.io/compare/pipelinehq-vs-vantive,GPTBot,6,2026-09-01
https://vantive.io/compare/pipelinehq-vs-vantive,PerplexityBot,3,2026-09-01
https://vantive.io/compare/pipelinehq-vs-vantive,ClaudeBot,12,2026-09-01
https://vantive.io/compare/pipelinehq-vs-vantive,Google-Extended,5,2026-09-01
https://vantive.io/compare/pipelinehq-vs-vantive,OAI-SearchBot,9,2026-09-01
https://vantive.io/compare/revenue-intelligence-tools,Googlebot,23,2026-09-01
https://vantive.io/compare/revenue-intelligence-tools,Bingbot,13,2026-09-01
https://vantive.io/compare/revenue-intelligence-tools,GPTBot,8,2026-09-01
https://vantive.io/compare/revenue-intelligence-tools,PerplexityBot,8,2026-09-01
https://vantive.io/compare/revenue-intelligence-tools,ClaudeBot,2,2026-09-01
https://vantive.io/compare/revenue-intelligence-tools,Google-Extended,13,2026-09-01
https://vantive.io/compare/revenue-intelligence-tools,OAI-SearchBot,1,2026-09-01
https://vantive.io/product/forecasting,Googlebot,48,2026-09-01
https://vantive.io/product/forecasting,Bingbot,57,2026-09-01
https://vantive.io/product/pipeline-analytics,Googlebot,13,2026-09-01
https://vantive.io/product/pipeline-analytics,Bingbot,20,2026-09-01
https://vantive.io/product/deal-intelligence,Googlebot,11,2026-09-01
https://vantive.io/product/deal-intelligence,Bingbot,39,2026-09-01
https://vantive.io/pricing,Googlebot,24,2026-09-01
https://vantive.io/pricing,Bingbot,4,2026-09-01
https://vantive.io/demo,Googlebot,7,2026-09-01
https://vantive.io/demo,Bingbot,46,2026-09-01
https://vantive.io/customers/northwind,Googlebot,8,2026-09-01
https://vantive.io/customers/northwind,Bingbot,7,2026-09-01
https://vantive.io/customers/acme-logistics,Googlebot,33,2026-09-01
https://vantive.io/customers/acme-logistics,Bingbot,14,2026-09-01
https://vantive.io/glossary/pipeline-coverage,Googlebot,15,2026-09-01
https://vantive.io/glossary/pipeline-coverage,Bingbot,21,2026-09-01
https://vantive.io/glossary/sales-velocity,Googlebot,4,2026-09-01
https://vantive.io/glossary/sales-velocity,Bingbot,46,2026-09-01
https://vantive.io/glossary/net-revenue-retention,Googlebot,30,2026-09-01
https://vantive.io/glossary/net-revenue-retention,Bingbot,53,2026-09-01
